ubicageo_f,rnsnni1,totalca1
1001,1,1968
1002,2,NA
1003,1,10
1004,2,NA
1005,1,51
1006,1,21
1007,0,NA
1008,2,NA
1009,0,NA
1010,0,NA
1011,0,NA
2001,1,174
2002,1,90
2003,0,NA
2004,1,67
2005,0,NA
2006,2,NA
2007,0,NA
3001,0,NA
3002,97,NSS
3003,1,25
3008,1,1
3009,0,NA
4001,0,NA
4002,0,NA
4003,0,NA
4004,0,NA
4005,0,NA
4006,0,NA
4007,0,NA
4008,0,NA
4009,1,5
4010,0,NA
4011,0,NA
4012,0,NA
4013,0,NA
5001,0,NA
5002,2,NA
5003,0,NA
5004,2,NA
5005,0,NA
5006,0,NA
5007,1,9
5008,0,NA
5009,0,NA
5010,0,NA
5011,0,NA
5012,0,NA
5013,0,NA
5014,0,NA
5015,0,NA
5016,0,NA
5017,1,5
5018,1,1
5019,0,NA
5020,0,NA
5021,0,NA
5022,0,NA
5023,1,2
5024,2,NA
5025,9,NSS
5026,0,NA
5027,1,1
5028,0,NA
5029,2,NA
5030,1,NSS
5031,0,NA
5032,0,NA
5033,1,42
5034,0,NA
5035,1,190
5036,0,NA
5037,0,NA
5038,0,NA
6001,0,NA
6002,1,18
6003,0,NA
6004,2,NA
6005,0,NA
6006,0,NA
6007,2,NA
6008,0,NA
6009,0,NA
6010,0,NA
7001,0,NA
7002,0,NA
7003,2,NA
7004,0,NA
7005,0,NA
7006,0,NA
7007,0,NA
7008,0,NA
7009,0,NA
7010,0,NA
7011,0,NA
7012,0,NA
7013,0,NA
7014,0,NA
7015,0,NA
7016,0,NA
7017,1,3
7018,0,NA
7019,0,NA
7020,0,NA
7021,0,NA
7022,0,NA
7023,0,NA
7024,0,NA
7025,0,NA
7026,0,NA
7027,0,NA
7028,0,NA
7029,0,NA
7030,0,NA
7031,0,NA
7032,2,NA
7033,0,NA
7034,0,NA
7035,0,NA
7036,0,NA
7037,0,NA
7038,0,NA
7039,0,NA
7040,0,NA
7041,0,NA
7042,0,NA
7043,0,NA
7044,0,NA
7045,97,NSS
7046,0,NA
7047,0,NA
7048,0,NA
7049,0,NA
7050,0,NA
7051,0,NA
7052,0,NA
7053,0,NA
7054,0,NA
7055,0,NA
7056,0,NA
7057,97,NSS
7058,0,NA
7059,1,1
7060,0,NA
7061,0,NA
7062,0,NA
7063,0,NA
7064,0,NA
7065,0,NA
7066,0,NA
7067,0,NA
7068,0,NA
7069,0,NA
7070,0,NA
7071,0,NA
7072,0,NA
7073,0,NA
7074,1,25
7075,0,NA
7076,0,NA
7077,0,NA
7078,0,NA
7079,0,NA
7080,0,NA
7081,0,NA
7082,0,NA
7083,2,NA
7084,0,NA
7085,0,NA
7086,0,NA
7087,0,NA
7088,0,NA
7089,2,NA
7090,0,NA
7091,0,NA
7092,0,NA
7093,0,NA
7094,0,NA
7096,0,NA
7097,0,NA
7098,0,NA
7099,0,NA
7100,0,NA
7101,1,415
7102,0,NA
7103,0,NA
7104,0,NA
7105,0,NA
7106,0,NA
7107,0,NA
7108,0,NA
7109,9,NSS
7110,0,NA
7111,0,NA
7112,0,NA
7113,0,NA
7114,0,NA
7115,0,NA
7116,0,NA
7117,1,1
7118,0,NA
7119,0,NA
7120,0,NA
7121,0,NA
7122,0,NA
7123,0,NA
7124,0,NA
7125,0,NA
8001,0,NA
8002,0,NA
8003,0,NA
8004,0,NA
8005,2,NA
8006,0,NA
8007,0,NA
8008,0,NA
8009,0,NA
8010,2,NA
8011,1,1
8012,0,NA
8013,0,NA
8014,0,NA
8015,0,NA
8016,0,NA
8017,2,NA
8018,0,NA
8019,2,NA
8020,0,NA
8021,2,NA
8022,0,NA
8023,0,NA
8024,0,NA
8025,0,NA
8026,0,NA
8027,97,NSS
8028,0,NA
8029,0,NA
8030,0,NA
8031,0,NA
8032,1,3
8033,0,NA
8034,0,NA
8035,0,NA
8036,0,NA
8037,1,128
8038,0,NA
8039,0,NA
8040,0,NA
8041,0,NA
8042,0,NA
8043,0,NA
8044,0,NA
8045,0,NA
8046,0,NA
8047,0,NA
8048,0,NA
8049,0,NA
8050,0,NA
8051,0,NA
8052,0,NA
8053,0,NA
8054,0,NA
8055,0,NA
8056,0,NA
8057,0,NA
8058,0,NA
8059,0,NA
8060,0,NA
8061,0,NA
8062,0,NA
8063,0,NA
8064,0,NA
8065,0,NA
8066,0,NA
8067,0,NA
9002,0,NA
9003,0,NA
9004,0,NA
9005,0,NA
9006,0,NA
9007,0,NA
9008,0,NA
9009,0,NA
9010,0,NA
9011,0,NA
9012,0,NA
9013,0,NA
9014,0,NA
9015,0,NA
9016,0,NA
9017,0,NA
10001,2,NA
10002,0,NA
10003,0,NA
10004,0,NA
10005,2,NA
10006,0,NA
10007,1,13
10008,0,NA
10009,0,NA
10010,0,NA
10011,0,NA
10012,0,NA
10013,0,NA
10014,0,NA
10015,0,NA
10016,97,NSS
10017,0,NA
10018,0,NA
10019,0,NA
10020,0,NA
10021,0,NA
10022,0,NA
10023,0,NA
10024,0,NA
10025,0,NA
10026,0,NA
10027,0,NA
10028,0,NA
10029,0,NA
10030,0,NA
10031,0,NA
10032,0,NA
10033,0,NA
10034,2,NA
10035,0,NA
10036,0,NA
10037,0,NA
10038,0,NA
10039,0,NA
11001,0,NA
11002,0,NA
11003,0,NA
11004,2,NA
11005,0,NA
11006,9,NSS
11007,1,5
11008,97,NSS
11009,0,NA
11010,97,NSS
11011,0,NA
11012,0,NA
11013,0,NA
11014,1,NSS
11015,1,103
11016,2,NA
11017,1,82
11018,0,NA
11019,0,NA
11020,1,1
11021,0,NA
11022,1,6
11023,1,40
11024,9,NSS
11025,0,NA
11026,0,NA
11027,2,NA
11028,1,NSS
11029,0,NA
11030,0,NA
11031,1,9
11032,0,NA
11033,0,NA
11034,1,1
11035,0,NA
11036,0,NA
11037,1,18
11038,97,NSS
11039,0,NA
11040,0,NA
11041,1,6
11042,1,1
11043,0,NA
11044,0,NA
11045,0,NA
11046,0,NA
12001,0,NA
12002,0,NA
12003,0,NA
12004,0,NA
12005,0,NA
12006,0,NA
12007,0,NA
12008,2,NA
12009,0,NA
12010,0,NA
12011,0,NA
12012,0,NA
12013,0,NA
12014,0,NA
12015,0,NA
12016,0,NA
12017,0,NA
12018,0,NA
12019,0,NA
12020,0,NA
12021,0,NA
12022,0,NA
12023,0,NA
12024,0,NA
12025,0,NA
12026,0,NA
12027,0,NA
12028,0,NA
12029,1,14
12030,0,NA
12031,0,NA
12032,0,NA
12033,0,NA
12034,0,NA
12035,0,NA
12036,0,NA
12037,0,NA
12038,0,NA
12039,0,NA
12040,0,NA
12041,0,NA
12042,0,NA
12043,0,NA
12044,0,NA
12045,0,NA
12046,0,NA
12047,0,NA
12048,0,NA
12049,0,NA
12050,0,NA
12051,2,NA
12052,0,NA
12053,0,NA
12054,0,NA
12055,0,NA
12056,0,NA
12057,0,NA
12058,0,NA
12059,0,NA
12060,0,NA
12061,0,NA
12062,0,NA
12063,0,NA
12064,0,NA
12065,0,NA
12066,0,NA
12067,0,NA
12068,0,NA
12069,0,NA
12070,0,NA
12071,0,NA
12072,0,NA
12073,0,NA
12074,0,NA
12075,0,NA
12076,0,NA
12077,0,NA
12078,0,NA
12079,0,NA
12080,0,NA
12081,0,NA
12082,0,NA
12083,0,NA
12084,0,NA
12085,0,NA
13001,0,NA
13002,0,NA
13003,1,6
13004,0,NA
13005,0,NA
13006,2,NA
13007,1,3
13008,0,NA
13009,0,NA
13010,0,NA
13011,0,NA
13012,0,NA
13013,1,1
13014,0,NA
13015,0,NA
13016,1,10
13017,1,1
13018,0,NA
13019,0,NA
13020,0,NA
13021,0,NA
13022,0,NA
13023,2,NA
13024,0,NA
13025,0,NA
13026,0,NA
13027,0,NA
13028,0,NA
13029,0,NA
13030,1,15
13031,0,NA
13032,0,NA
13033,0,NA
13034,0,NA
13035,0,NA
13036,0,NA
13037,0,NA
13038,0,NA
13039,0,NA
13040,0,NA
13041,0,NA
13042,0,NA
13043,0,NA
13044,0,NA
13045,0,NA
13046,0,NA
13047,0,NA
13048,0,NA
13049,0,NA
13050,0,NA
13051,1,302
13052,1,1
13053,0,NA
13054,0,NA
13055,0,NA
13056,1,30
13057,0,NA
13058,0,NA
13059,0,NA
13060,0,NA
13061,0,NA
13062,0,NA
13063,1,1
13064,0,NA
13065,0,NA
13066,0,NA
13067,2,NA
13068,0,NA
13069,2,NA
13070,1,3
13071,0,NA
13072,0,NA
13073,0,NA
13074,1,4
13075,0,NA
13076,0,NA
13077,0,NA
13078,0,NA
13079,0,NA
13080,0,NA
13081,0,NA
13082,0,NA
13083,0,NA
13084,0,NA
14001,0,NA
14002,0,NA
14003,2,NA
14004,0,NA
14005,1,2
14006,0,NA
14007,0,NA
14008,9,NSS
14009,0,NA
14010,0,NA
14011,0,NA
14012,0,NA
14013,0,NA
14014,0,NA
14015,2,NA
14016,0,NA
14017,0,NA
14018,0,NA
14019,0,NA
14020,0,NA
14021,0,NA
14022,2,NA
14023,1,12
14024,0,NA
14025,0,NA
14026,0,NA
14027,0,NA
14028,0,NA
14029,0,NA
14030,0,NA
14031,0,NA
14032,0,NA
14033,0,NA
14034,0,NA
14035,0,NA
14036,0,NA
14037,0,NA
14038,2,NA
14039,1,285
14040,0,NA
14041,0,NA
14042,0,NA
14043,0,NA
14044,9,NSS
14045,0,NA
14046,0,NA
14047,0,NA
14048,1,1
14049,0,NA
14050,0,NA
14051,0,NA
14052,0,NA
14053,2,NA
14054,0,NA
14055,0,NA
14056,0,NA
14057,0,NA
14058,0,NA
14059,0,NA
14060,0,NA
14061,0,NA
14062,0,NA
14063,2,NA
14064,0,NA
14065,0,NA
14066,0,NA
14067,1,150
14068,0,NA
14069,0,NA
14070,2,NA
14071,0,NA
14072,0,NA
14073,2,NA
14074,0,NA
14075,0,NA
14076,0,NA
14077,0,NA
14078,0,NA
14079,0,NA
14080,0,NA
14081,0,NA
14082,0,NA
14083,0,NA
14084,2,NA
14085,0,NA
14086,0,NA
14087,0,NA
14088,0,NA
14089,0,NA
14090,0,NA
14091,0,NA
14092,0,NA
14093,0,NA
14094,0,NA
14095,2,NA
14096,0,NA
14097,1,20
14098,2,NA
14099,0,NA
14100,0,NA
14101,0,NA
14102,0,NA
14103,0,NA
14104,0,NA
14105,0,NA
14106,0,NA
14107,0,NA
14108,0,NA
14109,9,NSS
14110,0,NA
14111,0,NA
14112,0,NA
14113,0,NA
14114,0,NA
14115,0,NA
14116,0,NA
14117,0,NA
14118,0,NA
14119,0,NA
14120,2,NA
14121,0,NA
14122,0,NA
14123,0,NA
14124,1,1
14125,0,NA
15001,0,NA
15002,1,10
15003,0,NA
15004,0,NA
15005,0,NA
15006,0,NA
15007,0,NA
15008,0,NA
15009,1,114
15010,0,NA
15011,0,NA
15012,0,NA
15013,1,139
15014,0,NA
15015,0,NA
15016,0,NA
15017,0,NA
15018,0,NA
15019,0,NA
15020,0,NA
15021,0,NA
15022,0,NA
15023,1,3
15024,1,46
15025,2,NA
15026,0,NA
15027,0,NA
15028,0,NA
15029,0,NA
15030,1,4
15031,2,NA
15032,0,NA
15033,1,400
15034,0,NA
15035,0,NA
15036,1,11
15037,0,NA
15038,0,NA
15039,0,NA
15040,0,NA
15041,0,NA
15042,9,NSS
15043,0,NA
15044,0,NA
15045,2,NA
15046,1,NSS
15047,0,NA
15048,0,NA
15049,9,NSS
15050,1,1
15051,97,NSS
15052,0,NA
15053,1,22
15054,1,148
15055,1,3
15056,0,NA
15057,1,162
15058,1,10451
15059,0,NA
15060,1,175
15061,0,NA
15062,0,NA
15063,0,NA
15064,0,NA
15065,1,2
15066,0,NA
15067,0,NA
15068,0,NA
15069,0,NA
15070,0,NA
15071,0,NA
15072,0,NA
15073,2,NA
15074,0,NA
15075,0,NA
15076,0,NA
15077,0,NA
15078,0,NA
15079,2,NA
15080,0,NA
15081,1,690
15082,0,NA
15083,0,NA
15084,0,NA
15085,0,NA
15086,0,NA
15087,1,64
15088,0,NA
15089,0,NA
15090,0,NA
15091,1,1
15092,2,NA
15093,0,NA
15094,0,NA
15095,2,NA
15096,1,9
15097,0,NA
15098,0,NA
15099,0,NA
15100,0,NA
15101,0,NA
15102,0,NA
15103,0,NA
15104,0,NA
15105,0,NA
15106,1,10
15107,0,NA
15108,0,NA
15109,0,NA
15110,0,NA
15111,0,NA
15112,0,NA
15113,0,NA
15114,0,NA
15115,0,NA
15116,0,NA
15117,0,NA
15118,0,NA
15119,0,NA
15120,2,NA
15121,1,50
15122,1,39
15123,0,NA
15124,1,3
15125,0,NA
16001,0,NA
16002,0,NA
16003,0,NA
16004,0,NA
16005,0,NA
16006,0,NA
16007,0,NA
16008,0,NA
16009,0,NA
16010,0,NA
16011,0,NA
16012,0,NA
16013,0,NA
16014,0,NA
16015,0,NA
16016,0,NA
16017,0,NA
16018,0,NA
16019,0,NA
16020,0,NA
16021,2,NA
16022,1,4
16023,0,NA
16024,0,NA
16025,0,NA
16026,0,NA
16027,0,NA
16028,0,NA
16029,0,NA
16030,0,NA
16031,0,NA
16032,0,NA
16033,0,NA
16034,0,NA
16035,0,NA
16036,1,1
16037,0,NA
16038,0,NA
16039,0,NA
16040,0,NA
16041,0,NA
16042,0,NA
16043,2,NA
16044,0,NA
16045,0,NA
16046,0,NA
16047,0,NA
16048,2,NA
16049,0,NA
16050,0,NA
16051,98,ND
16052,2,NA
16053,1,1000
16054,2,NA
16055,0,NA
16056,1,6
16057,0,NA
16058,0,NA
16059,0,NA
16060,0,NA
16061,0,NA
16062,2,NA
16063,0,NA
16064,0,NA
16065,0,NA
16066,2,NA
16067,0,NA
16068,0,NA
16069,0,NA
16070,0,NA
16071,0,NA
16072,97,NSS
16073,97,NSS
16074,0,NA
16075,0,NA
16076,0,NA
16077,0,NA
16078,2,NA
16079,0,NA
16080,0,NA
16081,0,NA
16082,2,NA
16083,0,NA
16084,0,NA
16085,2,NA
16086,0,NA
16087,0,NA
16088,1,2
16089,0,NA
16090,0,NA
16091,0,NA
16092,0,NA
16093,0,NA
16094,0,NA
16095,0,NA
16096,0,NA
16097,0,NA
16098,0,NA
16099,0,NA
16100,0,NA
16101,0,NA
16102,1,1
16103,0,NA
16104,2,NA
16105,0,NA
16106,0,NA
16107,0,NA
16108,1,41
16109,0,NA
16110,0,NA
16111,0,NA
16112,1,4
16113,2,NA
17001,2,NA
17002,0,NA
17003,0,NA
17004,0,NA
17005,0,NA
17006,0,NA
17007,0,NA
17008,0,NA
17009,0,NA
17010,0,NA
17011,0,NA
17012,0,NA
17013,0,NA
17014,0,NA
17015,0,NA
17016,0,NA
17017,0,NA
17018,0,NA
17019,0,NA
17020,0,NA
17021,0,NA
17022,1,1
17023,0,NA
17024,0,NA
17025,0,NA
17026,0,NA
17027,0,NA
17028,2,NA
17029,0,NA
17030,2,NA
17031,0,NA
17032,0,NA
17033,0,NA
17034,0,NA
17035,0,NA
17036,0,NA
18001,0,NA
18002,0,NA
18003,0,NA
18004,0,NA
18005,0,NA
18006,0,NA
18007,0,NA
18008,0,NA
18009,0,NA
18010,0,NA
18011,0,NA
18012,0,NA
18013,0,NA
18014,0,NA
18015,2,NA
18016,0,NA
18017,1,96
18018,0,NA
18019,0,NA
18020,1,80
19001,0,NA
19002,0,NA
19003,0,NA
19004,1,1
19005,0,NA
19006,9,NSS
19007,0,NA
19008,0,NA
19009,1,1
19010,0,NA
19011,0,NA
19012,0,NA
19013,0,NA
19014,0,NA
19015,0,NA
19016,2,NA
19017,0,NA
19018,9,NSS
19019,0,NA
19020,0,NA
19021,9,NSS
19022,0,NA
19023,0,NA
19024,0,NA
19025,0,NA
19026,1,111
19027,0,NA
19028,0,NA
19029,0,NA
19030,0,NA
19031,1,10
19032,0,NA
19033,0,NA
19034,0,NA
19035,0,NA
19036,0,NA
19037,0,NA
19038,0,NA
19039,2,NA
19040,0,NA
19041,9,NSS
19042,97,NSS
19043,0,NA
19044,0,NA
19045,0,NA
19046,1,375
19047,97,NSS
19048,1,35
19049,2,NA
19050,0,NA
19051,97,NSS
20001,0,NA
20002,0,NA
20003,0,NA
20004,0,NA
20005,0,NA
20006,0,NA
20007,0,NA
20008,0,NA
20009,0,NA
20010,0,NA
20011,0,NA
20012,0,NA
20013,0,NA
20014,0,NA
20015,0,NA
20016,0,NA
20017,0,NA
20018,0,NA
20019,0,NA
20020,0,NA
20021,0,NA
20022,0,NA
20023,0,NA
20024,0,NA
20025,0,NA
20026,0,NA
20027,0,NA
20028,0,NA
20029,0,NA
20030,0,NA
20031,0,NA
20032,0,NA
20033,2,NA
20034,0,NA
20035,0,NA
20036,0,NA
20037,0,NA
20038,0,NA
20039,0,NA
20040,0,NA
20041,0,NA
20042,0,NA
20043,0,NA
20044,0,NA
20045,0,NA
20046,0,NA
20047,0,NA
20048,0,NA
20049,0,NA
20050,0,NA
20051,0,NA
20052,0,NA
20053,0,NA
20054,0,NA
20055,0,NA
20056,0,NA
20057,0,NA
20058,0,NA
20059,1,10
20060,0,NA
20061,0,NA
20062,0,NA
20063,0,NA
20064,0,NA
20065,0,NA
20066,0,NA
20067,2,NA
20068,0,NA
20069,0,NA
20070,0,NA
20071,0,NA
20072,0,NA
20073,0,NA
20074,0,NA
20075,0,NA
20076,0,NA
20077,0,NA
20078,0,NA
20079,0,NA
20080,0,NA
20081,0,NA
20082,0,NA
20083,0,NA
20084,0,NA
20085,0,NA
20086,0,NA
20087,0,NA
20088,0,NA
20089,0,NA
20090,0,NA
20091,0,NA
20092,0,NA
20093,0,NA
20094,0,NA
20095,0,NA
20096,0,NA
20097,0,NA
20098,0,NA
20099,0,NA
20100,0,NA
20101,0,NA
20102,0,NA
20103,2,NA
20104,0,NA
20105,0,NA
20106,0,NA
20107,0,NA
20108,0,NA
20109,0,NA
20110,0,NA
20111,0,NA
20112,0,NA
20113,0,NA
20114,0,NA
20115,0,NA
20116,0,NA
20117,0,NA
20118,1,1
20119,0,NA
20120,0,NA
20121,0,NA
20122,0,NA
20123,0,NA
20124,0,NA
20125,0,NA
20126,0,NA
20127,0,NA
20128,0,NA
20129,0,NA
20130,0,NA
20131,0,NA
20132,0,NA
20133,0,NA
20134,0,NA
20135,0,NA
20136,0,NA
20137,0,NA
20138,0,NA
20139,0,NA
20140,0,NA
20141,0,NA
20142,0,NA
20143,0,NA
20144,0,NA
20145,0,NA
20146,0,NA
20147,0,NA
20148,0,NA
20149,0,NA
20150,0,NA
20151,0,NA
20152,0,NA
20153,0,NA
20154,0,NA
20155,0,NA
20156,0,NA
20157,0,NA
20158,0,NA
20159,0,NA
20160,0,NA
20161,0,NA
20162,0,NA
20163,0,NA
20164,0,NA
20165,0,NA
20166,0,NA
20167,0,NA
20168,0,NA
20169,0,NA
20170,0,NA
20171,0,NA
20172,0,NA
20173,0,NA
20174,0,NA
20175,0,NA
20176,0,NA
20177,0,NA
20178,0,NA
20179,0,NA
20180,0,NA
20181,0,NA
20182,0,NA
20183,0,NA
20184,2,NA
20185,0,NA
20186,0,NA
20187,0,NA
20188,0,NA
20189,0,NA
20190,0,NA
20191,0,NA
20192,0,NA
20193,0,NA
20194,0,NA
20195,0,NA
20196,0,NA
20197,0,NA
20198,0,NA
20199,0,NA
20200,0,NA
20201,0,NA
20202,0,NA
20203,0,NA
20204,0,NA
20205,0,NA
20206,0,NA
20207,0,NA
20208,0,NA
20209,0,NA
20210,0,NA
20211,0,NA
20212,0,NA
20213,0,NA
20214,0,NA
20215,0,NA
20216,0,NA
20217,0,NA
20218,0,NA
20219,0,NA
20220,0,NA
20221,0,NA
20222,0,NA
20223,0,NA
20224,0,NA
20225,0,NA
20226,0,NA
20227,1,3
20228,0,NA
20229,0,NA
20230,0,NA
20231,0,NA
20232,0,NA
20233,0,NA
20234,0,NA
20235,0,NA
20236,0,NA
20237,97,NSS
20238,0,NA
20239,0,NA
20240,0,NA
20241,0,NA
20242,0,NA
20243,0,NA
20244,0,NA
20245,0,NA
20246,0,NA
20247,0,NA
20248,0,NA
20249,0,NA
20250,0,NA
20251,0,NA
20252,0,NA
20253,0,NA
20254,0,NA
20255,0,NA
20256,0,NA
20257,0,NA
20258,0,NA
20259,0,NA
20260,0,NA
20261,0,NA
20262,0,NA
20263,0,NA
20264,0,NA
20265,0,NA
20266,0,NA
20267,0,NA
20268,0,NA
20269,0,NA
20270,0,NA
20271,0,NA
20272,0,NA
20273,0,NA
20274,0,NA
20275,0,NA
20276,0,NA
20277,0,NA
20278,0,NA
20279,0,NA
20280,0,NA
20281,0,NA
20282,0,NA
20283,0,NA
20284,0,NA
20285,0,NA
20286,0,NA
20287,0,NA
20288,0,NA
20289,0,NA
20290,0,NA
20291,0,NA
20292,0,NA
20293,0,NA
20294,0,NA
20295,0,NA
20296,0,NA
20297,0,NA
20298,0,NA
20299,0,NA
20300,0,NA
20301,0,NA
20302,0,NA
20303,0,NA
20304,0,NA
20305,0,NA
20306,0,NA
20307,0,NA
20308,0,NA
20309,0,NA
20310,0,NA
20311,0,NA
20312,0,NA
20313,0,NA
20314,0,NA
20315,0,NA
20316,0,NA
20317,0,NA
20318,9,NSS
20319,0,NA
20320,0,NA
20321,0,NA
20322,0,NA
20323,0,NA
20324,1,15
20325,0,NA
20326,0,NA
20327,0,NA
20328,0,NA
20329,0,NA
20330,0,NA
20331,0,NA
20332,0,NA
20333,0,NA
20334,0,NA
20335,0,NA
20336,0,NA
20337,0,NA
20338,1,3
20339,0,NA
20340,0,NA
20341,0,NA
20342,0,NA
20343,0,NA
20344,0,NA
20345,0,NA
20346,0,NA
20347,0,NA
20348,0,NA
20349,0,NA
20350,0,NA
20351,0,NA
20352,0,NA
20353,0,NA
20354,0,NA
20355,0,NA
20356,0,NA
20357,0,NA
20358,0,NA
20359,0,NA
20360,0,NA
20361,0,NA
20362,0,NA
20363,0,NA
20364,0,NA
20365,0,NA
20366,0,NA
20367,0,NA
20368,0,NA
20369,0,NA
20370,0,NA
20371,0,NA
20372,0,NA
20373,0,NA
20374,0,NA
20375,0,NA
20376,0,NA
20377,0,NA
20378,0,NA
20379,0,NA
20380,0,NA
20381,0,NA
20382,0,NA
20383,0,NA
20384,0,NA
20385,0,NA
20386,0,NA
20387,0,NA
20388,0,NA
20389,0,NA
20390,0,NA
20391,0,NA
20392,0,NA
20393,0,NA
20394,0,NA
20395,0,NA
20396,0,NA
20397,0,NA
20398,0,NA
20399,1,25
20400,0,NA
20401,97,NSS
20402,0,NA
20403,0,NA
20404,0,NA
20405,0,NA
20406,0,NA
20407,0,NA
20408,0,NA
20409,0,NA
20410,0,NA
20411,0,NA
20412,0,NA
20413,0,NA
20414,0,NA
20415,0,NA
20416,0,NA
20417,0,NA
20418,0,NA
20419,0,NA
20420,0,NA
20421,0,NA
20422,0,NA
20423,0,NA
20424,0,NA
20425,0,NA
20426,0,NA
20427,0,NA
20428,0,NA
20429,0,NA
20430,0,NA
20431,0,NA
20432,0,NA
20433,0,NA
20434,0,NA
20435,0,NA
20436,0,NA
20437,0,NA
20438,0,NA
20439,0,NA
20440,0,NA
20441,0,NA
20442,0,NA
20443,0,NA
20444,0,NA
20445,0,NA
20446,0,NA
20447,0,NA
20448,0,NA
20449,0,NA
20450,0,NA
20451,0,NA
20452,0,NA
20453,0,NA
20454,0,NA
20455,0,NA
20456,0,NA
20457,0,NA
20458,0,NA
20459,0,NA
20460,0,NA
20461,0,NA
20462,0,NA
20463,0,NA
20464,0,NA
20465,0,NA
20466,0,NA
20467,0,NA
20468,0,NA
20469,0,NA
20470,0,NA
20471,0,NA
20472,0,NA
20473,0,NA
20474,0,NA
20475,0,NA
20476,0,NA
20477,0,NA
20478,0,NA
20479,0,NA
20480,0,NA
20481,0,NA
20482,0,NA
20483,0,NA
20484,0,NA
20485,0,NA
20486,0,NA
20487,0,NA
20488,0,NA
20489,0,NA
20490,0,NA
20491,0,NA
20492,0,NA
20493,0,NA
20494,0,NA
20495,0,NA
20496,0,NA
20497,0,NA
20498,0,NA
20499,0,NA
20500,0,NA
20501,0,NA
20502,0,NA
20503,0,NA
20504,0,NA
20505,0,NA
20506,0,NA
20507,0,NA
20508,0,NA
20509,0,NA
20510,0,NA
20511,0,NA
20512,0,NA
20513,0,NA
20514,0,NA
20515,0,NA
20516,0,NA
20517,0,NA
20518,0,NA
20519,0,NA
20520,0,NA
20521,0,NA
20522,0,NA
20523,0,NA
20524,0,NA
20525,0,NA
20526,0,NA
20527,0,NA
20528,0,NA
20529,0,NA
20530,0,NA
20531,0,NA
20532,0,NA
20533,0,NA
20534,0,NA
20535,0,NA
20536,0,NA
20537,0,NA
20538,0,NA
20539,0,NA
20540,0,NA
20541,0,NA
20542,0,NA
20543,0,NA
20544,0,NA
20545,0,NA
20546,0,NA
20547,0,NA
20548,0,NA
20549,0,NA
20550,0,NA
20551,0,NA
20552,0,NA
20553,0,NA
20554,0,NA
20555,0,NA
20556,0,NA
20557,0,NA
20558,0,NA
20559,0,NA
20560,0,NA
20561,0,NA
20562,0,NA
20563,0,NA
20564,0,NA
20565,0,NA
20566,0,NA
20567,0,NA
20568,97,NSS
20569,0,NA
20570,1,5
21001,0,NA
21002,0,NA
21003,1,6
21004,0,NA
21005,0,NA
21006,0,NA
21007,0,NA
21008,0,NA
21009,1,3
21010,0,NA
21011,0,NA
21012,0,NA
21013,0,NA
21014,0,NA
21015,0,NA
21016,0,NA
21017,0,NA
21018,0,NA
21019,1,147
21020,0,NA
21021,0,NA
21022,0,NA
21023,0,NA
21024,0,NA
21025,0,NA
21026,0,NA
21027,0,NA
21028,0,NA
21029,0,NA
21030,0,NA
21031,0,NA
21032,0,NA
21033,0,NA
21034,1,20
21035,0,NA
21036,0,NA
21037,0,NA
21038,0,NA
21039,0,NA
21040,0,NA
21041,1,150
21042,0,NA
21043,0,NA
21044,0,NA
21045,0,NA
21046,1,2
21047,0,NA
21048,2,NA
21049,0,NA
21050,0,NA
21051,0,NA
21052,0,NA
21053,0,NA
21054,0,NA
21055,0,NA
21056,0,NA
21057,0,NA
21058,0,NA
21059,0,NA
21060,0,NA
21061,0,NA
21062,2,NA
21063,0,NA
21064,0,NA
21065,0,NA
21066,0,NA
21067,0,NA
21068,0,NA
21069,0,NA
21070,0,NA
21071,0,NA
21072,0,NA
21073,0,NA
21074,0,NA
21075,0,NA
21076,0,NA
21077,0,NA
21078,0,NA
21079,0,NA
21080,0,NA
21081,0,NA
21082,0,NA
21083,0,NA
21084,0,NA
21085,0,NA
21086,0,NA
21087,0,NA
21088,0,NA
21089,0,NA
21090,0,NA
21091,0,NA
21092,0,NA
21093,0,NA
21094,0,NA
21095,0,NA
21096,0,NA
21097,0,NA
21098,0,NA
21099,0,NA
21100,0,NA
21101,0,NA
21102,0,NA
21103,0,NA
21104,0,NA
21105,0,NA
21106,0,NA
21107,0,NA
21108,0,NA
21109,0,NA
21110,0,NA
21111,0,NA
21112,0,NA
21113,1,8
21114,1,443
21115,0,NA
21116,0,NA
21117,0,NA
21118,0,NA
21119,0,NA
21120,0,NA
21121,0,NA
21122,0,NA
21123,0,NA
21124,0,NA
21125,0,NA
21126,0,NA
21127,0,NA
21128,2,NA
21129,0,NA
21130,0,NA
21131,0,NA
21132,0,NA
21133,0,NA
21134,0,NA
21135,0,NA
21136,0,NA
21137,0,NA
21138,0,NA
21139,0,NA
21140,1,200
21141,0,NA
21142,0,NA
21143,0,NA
21144,0,NA
21145,0,NA
21146,0,NA
21147,0,NA
21148,0,NA
21149,0,NA
21150,0,NA
21151,0,NA
21152,0,NA
21153,0,NA
21154,0,NA
21155,0,NA
21156,1,30
21157,0,NA
21158,0,NA
21159,0,NA
21160,0,NA
21161,0,NA
21162,0,NA
21163,1,8
21164,1,1
21165,0,NA
21166,0,NA
21167,0,NA
21168,0,NA
21169,0,NA
21170,0,NA
21171,0,NA
21172,0,NA
21173,0,NA
21174,0,NA
21175,0,NA
21176,0,NA
21177,9,NSS
21178,0,NA
21179,0,NA
21180,0,NA
21181,0,NA
21182,0,NA
21183,0,NA
21184,0,NA
21185,0,NA
21186,0,NA
21187,0,NA
21188,0,NA
21189,0,NA
21190,2,NA
21191,0,NA
21192,0,NA
21193,0,NA
21194,0,NA
21195,0,NA
21196,0,NA
21197,1,10
21198,0,NA
21199,0,NA
21200,0,NA
21201,0,NA
21202,0,NA
21203,0,NA
21204,0,NA
21205,2,NA
21206,0,NA
21207,0,NA
21208,0,NA
21209,0,NA
21210,0,NA
21211,0,NA
21212,0,NA
21213,0,NA
21214,0,NA
21215,0,NA
21216,0,NA
21217,0,NA
22001,0,NA
22002,0,NA
22003,0,NA
22004,1,9
22005,0,NA
22006,1,244
22007,1,NSS
22008,1,88
22009,1,1
22010,0,NA
22011,1,117
22012,1,40
22013,0,NA
22014,1,38
22015,0,NA
22016,1,126
22017,0,NA
22018,9,NSS
23001,1,80
23002,1,28
23003,0,NA
23004,2,NA
23005,0,NA
23006,0,NA
23007,0,NA
23008,1,72
23009,0,NA
23010,1,3
23011,0,NA
24001,0,NA
24002,0,NA
24003,0,NA
24004,0,NA
24005,0,NA
24006,0,NA
24007,0,NA
24008,0,NA
24009,0,NA
24010,0,NA
24011,1,30
24012,0,NA
24013,1,90
24014,0,NA
24015,0,NA
24016,0,NA
24017,0,NA
24018,0,NA
24019,0,NA
24020,0,NA
24021,0,NA
24022,0,NA
24023,0,NA
24024,1,11
24025,0,NA
24026,0,NA
24027,0,NA
24028,1,299
24029,0,NA
24030,0,NA
24031,0,NA
24032,0,NA
24033,0,NA
24034,0,NA
24035,2,NA
24036,0,NA
24037,0,NA
24038,0,NA
24039,0,NA
24040,0,NA
24041,0,NA
24042,0,NA
24043,0,NA
24044,0,NA
24045,0,NA
24046,0,NA
24047,0,NA
24048,0,NA
24049,0,NA
24050,9,NSS
24051,1,1
24052,0,NA
24053,0,NA
24054,0,NA
24055,2,NA
24056,0,NA
24057,0,NA
24058,1,1
25001,1,2
25002,0,NA
25003,0,NA
25004,0,NA
25005,0,NA
25006,1,2
25007,2,NA
25008,0,NA
25009,0,NA
25010,0,NA
25011,0,NA
25012,1,18
25013,0,NA
25014,0,NA
25015,1,34
25016,0,NA
25017,0,NA
25018,0,NA
26001,0,NA
26002,0,NA
26003,0,NA
26004,2,NA
26005,0,NA
26006,0,NA
26007,0,NA
26008,0,NA
26009,0,NA
26010,0,NA
26011,1,4
26012,2,NA
26013,0,NA
26014,0,NA
26015,0,NA
26016,0,NA
26017,0,NA
26018,1,1
26019,0,NA
26020,0,NA
26021,0,NA
26022,0,NA
26023,0,NA
26024,0,NA
26025,2,NA
26026,0,NA
26027,0,NA
26028,0,NA
26029,1,NSS
26030,0,NA
26031,0,NA
26032,0,NA
26033,2,NA
26034,2,NA
26035,0,NA
26036,0,NA
26037,0,NA
26038,0,NA
26039,2,NA
26040,0,NA
26041,0,NA
26042,2,NA
26043,1,15
26044,0,NA
26045,0,NA
26046,0,NA
26047,0,NA
26048,0,NA
26049,0,NA
26050,0,NA
26051,0,NA
26052,0,NA
26053,0,NA
26054,0,NA
26055,2,NA
26056,0,NA
26057,0,NA
26058,0,NA
26059,0,NA
26060,0,NA
26061,0,NA
26062,0,NA
26063,0,NA
26064,0,NA
26065,0,NA
26066,0,NA
26067,2,NA
26068,0,NA
26069,2,NA
26070,0,NA
26071,0,NA
26072,0,NA
27001,0,NA
27002,0,NA
27003,0,NA
27004,0,NA
27005,0,NA
27006,0,NA
27007,0,NA
27008,1,1
27009,0,NA
27010,0,NA
27011,2,NA
27012,2,NA
27013,2,NA
27014,0,NA
27015,0,NA
27016,0,NA
27017,0,NA
28001,0,NA
28002,0,NA
28003,0,NA
28004,0,NA
28005,0,NA
28006,0,NA
28007,0,NA
28008,0,NA
28009,0,NA
28010,0,NA
28011,0,NA
28012,0,NA
28013,0,NA
28014,0,NA
28015,0,NA
28016,0,NA
28017,0,NA
28018,0,NA
28019,0,NA
28020,0,NA
28021,0,NA
28022,0,NA
28023,0,NA
28024,0,NA
28025,0,NA
28026,0,NA
28027,0,NA
28028,0,NA
28029,0,NA
28030,0,NA
28031,0,NA
28032,0,NA
28033,0,NA
28034,0,NA
28035,0,NA
28036,0,NA
28037,0,NA
28038,0,NA
28039,0,NA
28040,0,NA
28041,0,NA
28042,0,NA
28043,0,NA
29001,0,NA
29002,0,NA
29003,0,NA
29004,0,NA
29005,1,350
29006,2,NA
29007,0,NA
29008,0,NA
29009,0,NA
29010,1,13
29011,0,NA
29012,0,NA
29013,1,150
29014,0,NA
29015,0,NA
29016,0,NA
29017,0,NA
29018,0,NA
29019,0,NA
29020,0,NA
29021,0,NA
29022,0,NA
29023,0,NA
29024,0,NA
29025,0,NA
29026,0,NA
29027,0,NA
29028,0,NA
29029,0,NA
29030,1,10
29031,1,186
29032,0,NA
29033,1,1
29034,1,70
29035,0,NA
29036,0,NA
29037,0,NA
29038,1,10
29039,1,14
29040,0,NA
29041,0,NA
29042,0,NA
29043,1,200
29044,1,40
29045,0,NA
29046,0,NA
29047,0,NA
29048,0,NA
29049,0,NA
29050,0,NA
29051,0,NA
29052,0,NA
29053,0,NA
29054,0,NA
29055,0,NA
29056,0,NA
29057,0,NA
29058,1,3
29059,0,NA
29060,0,NA
30001,0,NA
30002,0,NA
30003,0,NA
30004,0,NA
30005,0,NA
30006,97,NSS
30007,0,NA
30008,0,NA
30009,0,NA
30010,0,NA
30011,0,NA
30012,0,NA
30013,0,NA
30014,97,NSS
30015,0,NA
30016,0,NA
30017,0,NA
30018,0,NA
30019,0,NA
30020,0,NA
30021,0,NA
30022,0,NA
30023,0,NA
30024,0,NA
30025,0,NA
30026,0,NA
30027,0,NA
30028,0,NA
30029,0,NA
30030,0,NA
30031,0,NA
30032,0,NA
30033,0,NA
30034,0,NA
30035,0,NA
30036,0,NA
30037,0,NA
30038,1,30
30039,1,7
30040,0,NA
30041,0,NA
30042,0,NA
30043,0,NA
30044,0,NA
30045,0,NA
30046,0,NA
30047,0,NA
30048,0,NA
30049,0,NA
30050,0,NA
30051,0,NA
30052,0,NA
30053,0,NA
30054,0,NA
30055,0,NA
30056,0,NA
30057,0,NA
30058,0,NA
30059,0,NA
30060,0,NA
30061,0,NA
30062,0,NA
30063,0,NA
30064,0,NA
30065,0,NA
30066,0,NA
30067,0,NA
30068,0,NA
30069,0,NA
30070,0,NA
30071,0,NA
30072,0,NA
30073,0,NA
30074,97,NSS
30075,97,NSS
30076,0,NA
30077,0,NA
30078,0,NA
30079,0,NA
30080,0,NA
30081,0,NA
30082,97,NSS
30083,0,NA
30084,0,NA
30085,0,NA
30086,0,NA
30087,1,497
30088,0,NA
30089,0,NA
30090,0,NA
30091,0,NA
30092,97,NSS
30093,97,NSS
30094,0,NA
30095,0,NA
30096,0,NA
30097,0,NA
30098,0,NA
30099,97,NSS
30100,0,NA
30101,0,NA
30102,2,NA
30103,0,NA
30104,0,NA
30105,97,NSS
30106,0,NA
30107,0,NA
30108,0,NA
30109,0,NA
30110,0,NA
30111,0,NA
30112,0,NA
30113,0,NA
30114,0,NA
30115,0,NA
30116,0,NA
30117,0,NA
30118,0,NA
30119,97,NSS
30120,0,NA
30121,0,NA
30122,0,NA
30123,0,NA
30124,1,15
30125,97,NSS
30126,0,NA
30127,0,NA
30128,1,22
30129,0,NA
30130,0,NA
30131,0,NA
30132,0,NA
30133,0,NA
30134,0,NA
30135,0,NA
30136,0,NA
30137,0,NA
30138,97,NSS
30139,97,NSS
30140,0,NA
30141,0,NA
30142,0,NA
30143,0,NA
30144,97,NSS
30145,0,NA
30146,0,NA
30147,97,NSS
30148,0,NA
30149,0,NA
30150,0,NA
30151,0,NA
30152,0,NA
30153,0,NA
30154,0,NA
30155,0,NA
30156,0,NA
30157,0,NA
30158,0,NA
30159,0,NA
30160,0,NA
30161,0,NA
30162,0,NA
30163,0,NA
30164,0,NA
30165,0,NA
30166,0,NA
30167,0,NA
30168,0,NA
30169,0,NA
30170,0,NA
30171,0,NA
30172,0,NA
30173,0,NA
30174,0,NA
30175,0,NA
30176,0,NA
30177,0,NA
30178,0,NA
30179,0,NA
30180,0,NA
30181,0,NA
30182,97,NSS
30183,0,NA
30184,97,NSS
30185,0,NA
30186,0,NA
30187,0,NA
30188,0,NA
30189,0,NA
30190,0,NA
30191,97,NSS
30192,0,NA
30193,0,NA
30194,0,NA
30195,0,NA
30196,0,NA
30197,0,NA
30198,0,NA
30199,0,NA
30200,0,NA
30201,0,NA
30202,0,NA
30203,0,NA
30204,0,NA
30205,97,NSS
30206,0,NA
30207,0,NA
30208,0,NA
30209,0,NA
30210,0,NA
30211,0,NA
30212,0,NA
31001,0,NA
31002,0,NA
31003,0,NA
31004,0,NA
31005,0,NA
31006,0,NA
31007,0,NA
31008,0,NA
31009,0,NA
31010,0,NA
31011,0,NA
31012,0,NA
31013,0,NA
31014,0,NA
31015,0,NA
31016,0,NA
31017,0,NA
31018,0,NA
31019,0,NA
31020,0,NA
31021,0,NA
31022,0,NA
31023,0,NA
31024,0,NA
31025,0,NA
31026,0,NA
31027,0,NA
31028,0,NA
31029,0,NA
31030,0,NA
31031,0,NA
31032,0,NA
31033,0,NA
31034,0,NA
31035,0,NA
31036,0,NA
31037,0,NA
31038,0,NA
31039,0,NA
31040,0,NA
31041,1,35
31042,0,NA
31043,0,NA
31044,0,NA
31045,0,NA
31046,0,NA
31047,0,NA
31048,0,NA
31049,0,NA
31050,0,NA
31051,0,NA
31052,0,NA
31053,0,NA
31054,0,NA
31055,0,NA
31056,0,NA
31057,0,NA
31058,0,NA
31059,0,NA
31060,0,NA
31061,0,NA
31062,0,NA
31063,0,NA
31064,0,NA
31065,0,NA
31066,0,NA
31067,0,NA
31068,0,NA
31069,0,NA
31070,0,NA
31071,0,NA
31072,0,NA
31073,0,NA
31074,0,NA
31075,0,NA
31076,0,NA
31077,0,NA
31078,0,NA
31079,0,NA
31080,0,NA
31081,0,NA
31082,0,NA
31083,0,NA
31084,0,NA
31085,0,NA
31086,1,1
31087,0,NA
31088,2,NA
31089,0,NA
31090,0,NA
31091,0,NA
31092,0,NA
31093,0,NA
31094,0,NA
31095,0,NA
31096,2,NA
31097,0,NA
31098,0,NA
31099,0,NA
31100,0,NA
31101,1,65
31102,1,85
31103,0,NA
31104,0,NA
31105,0,NA
31106,0,NA
32001,0,NA
32002,0,NA
32003,0,NA
32004,0,NA
32005,0,NA
32006,0,NA
32007,0,NA
32008,0,NA
32009,0,NA
32010,1,14
32011,0,NA
32012,0,NA
32013,0,NA
32014,0,NA
32015,0,NA
32016,0,NA
32017,0,NA
32018,0,NA
32019,0,NA
32020,0,NA
32021,0,NA
32022,0,NA
32023,0,NA
32024,0,NA
32025,0,NA
32026,0,NA
32027,0,NA
32028,0,NA
32029,0,NA
32030,0,NA
32031,0,NA
32032,0,NA
32033,0,NA
32034,0,NA
32035,0,NA
32036,2,NA
32037,0,NA
32038,0,NA
32039,0,NA
32040,0,NA
32041,0,NA
32042,0,NA
32043,0,NA
32044,0,NA
32045,0,NA
32046,0,NA
32047,0,NA
32048,0,NA
32049,2,NA
32050,0,NA
32051,0,NA
32052,0,NA
32053,0,NA
32054,0,NA
32055,0,NA
32056,1,20
32057,0,NA
32058,0,NA
