ubicageo_f,aniorefe_b,totalca1
1001,1,NA
1001,2,NA
1002,1,0
1002,2,0
1003,1,NSS
1003,2,NSS
1004,1,0
1004,2,0
1005,1,0
1005,2,0
1006,1,29
1006,2,13
1007,1,0
1007,2,0
1008,1,0
1008,2,0
1009,1,57
1009,2,29
1010,1,0
1010,2,0
1011,1,4
1011,2,9
2001,1,NSS
2001,2,NSS
2002,1,29283
2002,2,33611
2003,1,3482
2003,2,3585
2004,1,7984
2004,2,9970
2005,1,0
2005,2,815
2006,1,0
2006,2,241
2007,1,NSS
2007,2,0
3001,1,0
3001,2,0
3002,1,0
3002,2,30
3003,1,NSS
3003,2,NSS
3008,1,650
3008,2,921
3009,1,315
3009,2,335
4001,1,0
4001,2,0
4002,1,0
4002,2,0
4003,1,0
4003,2,0
4004,1,0
4004,2,0
4005,1,0
4005,2,0
4006,1,0
4006,2,0
4007,1,0
4007,2,0
4008,1,10
4008,2,25
4009,1,10
4009,2,31
4010,1,0
4010,2,0
4011,1,0
4011,2,0
4012,1,NA
4012,2,NA
4013,1,NA
4013,2,NA
5001,1,0
5001,2,0
5002,1,0
5002,2,0
5003,1,0
5003,2,0
5004,1,100
5004,2,150
5005,1,0
5005,2,1
5006,1,0
5006,2,0
5007,1,0
5007,2,0
5008,1,NA
5008,2,NA
5009,1,0
5009,2,0
5010,1,NSS
5010,2,NSS
5011,1,18
5011,2,26
5012,1,NA
5012,2,NA
5013,1,NA
5013,2,NA
5014,1,0
5014,2,0
5015,1,NA
5015,2,NA
5016,1,0
5016,2,0
5017,1,NSS
5017,2,0
5018,1,0
5018,2,0
5019,1,0
5019,2,0
5020,1,0
5020,2,0
5021,1,NSS
5021,2,NSS
5022,1,0
5022,2,0
5023,1,0
5023,2,0
5024,1,0
5024,2,0
5025,1,0
5025,2,0
5026,1,NA
5026,2,NA
5027,1,0
5027,2,0
5028,1,1644
5028,2,730
5029,1,0
5029,2,0
5030,1,0
5030,2,0
5031,1,0
5031,2,0
5032,1,0
5032,2,0
5033,1,0
5033,2,0
5034,1,0
5034,2,0
5035,1,NSS
5035,2,NSS
5036,1,0
5036,2,0
5037,1,0
5037,2,0
5038,1,NSS
5038,2,0
6001,1,759
6001,2,1747
6002,1,2459
6002,2,1902
6003,1,6
6003,2,6
6004,1,60
6004,2,70
6005,1,232
6005,2,211
6006,1,23
6006,2,24
6007,1,5015
6007,2,52042
6008,1,0
6008,2,29
6009,1,819
6009,2,598
6010,1,1642
6010,2,2086
7001,1,0
7001,2,10
7002,1,0
7002,2,0
7003,1,0
7003,2,0
7004,1,0
7004,2,0
7005,1,0
7005,2,0
7006,1,0
7006,2,0
7007,1,0
7007,2,0
7008,1,0
7008,2,0
7009,1,0
7009,2,0
7010,1,0
7010,2,0
7011,1,0
7011,2,0
7012,1,0
7012,2,0
7013,1,0
7013,2,0
7014,1,0
7014,2,0
7015,1,0
7015,2,0
7016,1,0
7016,2,0
7017,1,0
7017,2,26
7018,1,0
7018,2,0
7019,1,0
7019,2,0
7020,1,0
7020,2,0
7021,1,0
7021,2,0
7022,1,0
7022,2,0
7023,1,0
7023,2,0
7024,1,15
7024,2,10
7025,1,0
7025,2,100
7026,1,0
7026,2,0
7027,1,1500
7027,2,1000
7028,1,0
7028,2,0
7029,1,0
7029,2,0
7030,1,1
7030,2,1
7031,1,0
7031,2,0
7032,1,14
7032,2,6
7033,1,0
7033,2,0
7034,1,0
7034,2,0
7035,1,0
7035,2,7
7036,1,0
7036,2,0
7037,1,0
7037,2,80
7038,1,0
7038,2,0
7039,1,0
7039,2,0
7040,1,0
7040,2,0
7041,1,144
7041,2,96
7042,1,0
7042,2,10
7043,1,NA
7043,2,36
7044,1,12
7044,2,21
7045,1,0
7045,2,0
7046,1,60
7046,2,50
7047,1,180
7047,2,145
7048,1,0
7048,2,2
7049,1,0
7049,2,0
7050,1,0
7050,2,0
7051,1,1
7051,2,1
7052,1,15
7052,2,20
7053,1,0
7053,2,0
7054,1,0
7054,2,0
7055,1,0
7055,2,0
7056,1,0
7056,2,0
7057,1,1580
7057,2,1850
7058,1,0
7058,2,0
7059,1,0
7059,2,1999
7060,1,10
7060,2,50
7061,1,0
7061,2,0
7062,1,0
7062,2,0
7063,1,0
7063,2,0
7064,1,0
7064,2,0
7065,1,0
7065,2,0
7066,1,0
7066,2,0
7067,1,0
7067,2,0
7068,1,0
7068,2,0
7069,1,321
7069,2,456
7070,1,0
7070,2,0
7071,1,0
7071,2,6
7072,1,0
7072,2,0
7073,1,2
7073,2,0
7074,1,0
7074,2,0
7075,1,0
7075,2,0
7076,1,0
7076,2,0
7077,1,0
7077,2,0
7078,1,0
7078,2,650
7079,1,0
7079,2,20
7080,1,NSS
7080,2,0
7081,1,0
7081,2,0
7082,1,0
7082,2,0
7083,1,0
7083,2,0
7084,1,0
7084,2,0
7085,1,0
7085,2,0
7086,1,0
7086,2,0
7087,1,0
7087,2,0
7088,1,0
7088,2,0
7089,1,456
7089,2,279
7090,1,0
7090,2,3
7091,1,3
7091,2,15
7092,1,0
7092,2,0
7093,1,0
7093,2,0
7094,1,0
7094,2,0
7096,1,0
7096,2,0
7097,1,21
7097,2,12
7098,1,0
7098,2,0
7099,1,0
7099,2,0
7100,1,24
7100,2,10
7101,1,0
7101,2,0
7102,1,15
7102,2,20
7103,1,1825
7103,2,2555
7104,1,0
7104,2,0
7105,1,1
7105,2,25
7106,1,0
7106,2,0
7107,1,0
7107,2,364
7108,1,59
7108,2,43
7109,1,28
7109,2,21
7110,1,0
7110,2,0
7111,1,0
7111,2,0
7112,1,0
7112,2,0
7113,1,0
7113,2,0
7114,1,30
7114,2,102
7115,1,10
7115,2,5
7116,1,8
7116,2,27
7117,1,0
7117,2,0
7118,1,0
7118,2,1
7119,1,0
7119,2,0
7120,1,0
7120,2,0
7121,1,0
7121,2,0
7122,1,0
7122,2,0
7123,1,0
7123,2,0
7124,1,0
7124,2,0
7125,1,0
7125,2,0
8001,1,4
8001,2,5
8002,1,402
8002,2,406
8003,1,50
8003,2,35
8004,1,1800
8004,2,2920
8005,1,NSS
8005,2,600
8006,1,0
8006,2,0
8007,1,0
8007,2,0
8008,1,2
8008,2,3
8009,1,0
8009,2,0
8010,1,10
8010,2,8
8011,1,0
8011,2,0
8012,1,0
8012,2,10
8013,1,NSS
8013,2,NSS
8014,1,0
8014,2,0
8015,1,0
8015,2,0
8016,1,2
8016,2,2
8017,1,0
8017,2,0
8018,1,0
8018,2,0
8019,1,6990
8019,2,6378
8020,1,10
8020,2,10
8021,1,409
8021,2,443
8022,1,0
8022,2,0
8023,1,NA
8023,2,NA
8024,1,0
8024,2,0
8025,1,0
8025,2,0
8026,1,0
8026,2,0
8027,1,15
8027,2,20
8028,1,0
8028,2,0
8029,1,0
8029,2,0
8030,1,0
8030,2,163
8031,1,320
8031,2,431
8032,1,0
8032,2,0
8033,1,0
8033,2,1
8034,1,0
8034,2,0
8035,1,NSS
8035,2,8
8036,1,0
8036,2,0
8037,1,46182
8037,2,21914
8038,1,NSS
8038,2,361
8039,1,0
8039,2,0
8040,1,0
8040,2,0
8041,1,1
8041,2,6
8042,1,0
8042,2,0
8043,1,0
8043,2,0
8044,1,0
8044,2,0
8045,1,1629
8045,2,942
8046,1,0
8046,2,0
8047,1,0
8047,2,0
8048,1,144
8048,2,154
8049,1,0
8049,2,0
8050,1,NSS
8050,2,NSS
8051,1,8
8051,2,6
8052,1,600
8052,2,720
8053,1,0
8053,2,0
8054,1,0
8054,2,0
8055,1,NSS
8055,2,34
8056,1,0
8056,2,1
8057,1,0
8057,2,0
8058,1,0
8058,2,0
8059,1,0
8059,2,0
8060,1,0
8060,2,0
8061,1,0
8061,2,0
8062,1,465
8062,2,460
8063,1,0
8063,2,0
8064,1,10
8064,2,28
8065,1,0
8065,2,0
8066,1,0
8066,2,0
8067,1,0
8067,2,0
9002,1,NA
9002,2,NA
9003,1,NA
9003,2,NA
9004,1,NA
9004,2,NA
9005,1,NA
9005,2,NA
9006,1,NA
9006,2,NA
9007,1,NA
9007,2,NA
9008,1,NA
9008,2,NA
9009,1,NA
9009,2,NA
9010,1,NA
9010,2,NA
9011,1,NA
9011,2,NA
9012,1,NA
9012,2,NA
9013,1,NA
9013,2,NA
9014,1,NA
9014,2,NA
9015,1,NA
9015,2,NA
9016,1,NA
9016,2,NA
9017,1,NA
9017,2,NA
10001,1,0
10001,2,0
10002,1,0
10002,2,0
10003,1,0
10003,2,0
10004,1,0
10004,2,0
10005,1,0
10005,2,0
10006,1,0
10006,2,0
10007,1,0
10007,2,0
10008,1,0
10008,2,0
10009,1,0
10009,2,0
10010,1,0
10010,2,4
10011,1,0
10011,2,0
10012,1,0
10012,2,0
10013,1,0
10013,2,0
10014,1,0
10014,2,0
10015,1,0
10015,2,0
10016,1,2
10016,2,2
10017,1,0
10017,2,0
10018,1,0
10018,2,0
10019,1,0
10019,2,0
10020,1,0
10020,2,0
10021,1,NSS
10021,2,NSS
10022,1,0
10022,2,0
10023,1,60
10023,2,80
10024,1,0
10024,2,0
10025,1,0
10025,2,3
10026,1,0
10026,2,0
10027,1,0
10027,2,0
10028,1,0
10028,2,0
10029,1,1
10029,2,2
10030,1,0
10030,2,0
10031,1,0
10031,2,0
10032,1,2
10032,2,5
10033,1,0
10033,2,1
10034,1,11
10034,2,10
10035,1,0
10035,2,0
10036,1,0
10036,2,10
10037,1,NSS
10037,2,14
10038,1,0
10038,2,0
10039,1,0
10039,2,0
11001,1,0
11001,2,0
11002,1,NSS
11002,2,NSS
11003,1,314
11003,2,176
11004,1,0
11004,2,0
11005,1,821
11005,2,985
11006,1,0
11006,2,0
11007,1,355
11007,2,505
11008,1,NA
11008,2,NA
11009,1,0
11009,2,0
11010,1,NSS
11010,2,NSS
11011,1,9
11011,2,4
11012,1,15
11012,2,16
11013,1,0
11013,2,0
11014,1,0
11014,2,0
11015,1,0
11015,2,0
11016,1,0
11016,2,0
11017,1,3704
11017,2,3816
11018,1,NA
11018,2,NA
11019,1,0
11019,2,0
11020,1,0
11020,2,0
11021,1,0
11021,2,0
11022,1,0
11022,2,0
11023,1,414
11023,2,472
11024,1,NSS
11024,2,NSS
11025,1,NA
11025,2,NA
11026,1,NSS
11026,2,NSS
11027,1,NSS
11027,2,1063
11028,1,NSS
11028,2,63
11029,1,14
11029,2,5
11030,1,NSS
11030,2,NSS
11031,1,0
11031,2,0
11032,1,200
11032,2,320
11033,1,NSS
11033,2,NSS
11034,1,0
11034,2,3
11035,1,NSS
11035,2,NSS
11036,1,0
11036,2,12
11037,1,NSS
11037,2,1391
11038,1,2
11038,2,3
11039,1,50
11039,2,60
11040,1,0
11040,2,0
11041,1,0
11041,2,0
11042,1,2151
11042,2,1887
11043,1,0
11043,2,0
11044,1,0
11044,2,0
11045,1,0
11045,2,0
11046,1,0
11046,2,0
12001,1,142
12001,2,153
12002,1,0
12002,2,0
12003,1,0
12003,2,0
12004,1,0
12004,2,0
12005,1,0
12005,2,0
12006,1,0
12006,2,0
12007,1,0
12007,2,0
12008,1,0
12008,2,0
12009,1,0
12009,2,0
12010,1,0
12010,2,0
12011,1,1
12011,2,2
12012,1,0
12012,2,0
12013,1,0
12013,2,0
12014,1,0
12014,2,0
12015,1,60
12015,2,55
12016,1,0
12016,2,0
12017,1,0
12017,2,0
12018,1,1
12018,2,1
12019,1,0
12019,2,0
12020,1,0
12020,2,0
12021,1,0
12021,2,0
12022,1,4
12022,2,3
12023,1,0
12023,2,0
12024,1,2
12024,2,4
12025,1,0
12025,2,0
12026,1,0
12026,2,0
12027,1,NA
12027,2,NA
12028,1,95
12028,2,78
12029,1,5423
12029,2,6846
12030,1,0
12030,2,0
12031,1,0
12031,2,0
12032,1,0
12032,2,0
12033,1,0
12033,2,0
12034,1,0
12034,2,2
12035,1,0
12035,2,0
12036,1,0
12036,2,0
12037,1,0
12037,2,0
12038,1,105
12038,2,135
12039,1,0
12039,2,2
12040,1,0
12040,2,0
12041,1,0
12041,2,0
12042,1,0
12042,2,5
12043,1,0
12043,2,0
12044,1,0
12044,2,0
12045,1,0
12045,2,1
12046,1,0
12046,2,0
12047,1,0
12047,2,0
12048,1,0
12048,2,0
12049,1,0
12049,2,0
12050,1,0
12050,2,1
12051,1,3
12051,2,2
12052,1,4
12052,2,3
12053,1,1078
12053,2,1153
12054,1,50
12054,2,43
12055,1,NSS
12055,2,NSS
12056,1,0
12056,2,0
12057,1,0
12057,2,0
12058,1,NSS
12058,2,8
12059,1,0
12059,2,0
12060,1,0
12060,2,0
12061,1,0
12061,2,0
12062,1,0
12062,2,0
12063,1,0
12063,2,0
12064,1,0
12064,2,0
12065,1,0
12065,2,0
12066,1,0
12066,2,0
12067,1,0
12067,2,0
12068,1,5
12068,2,5
12069,1,0
12069,2,0
12070,1,0
12070,2,0
12071,1,0
12071,2,0
12072,1,0
12072,2,0
12073,1,0
12073,2,0
12074,1,0
12074,2,0
12075,1,0
12075,2,0
12076,1,0
12076,2,0
12077,1,0
12077,2,1
12078,1,0
12078,2,0
12079,1,0
12079,2,0
12080,1,0
12080,2,0
12081,1,0
12081,2,0
12082,1,NA
12082,2,NA
12083,1,NA
12083,2,NA
12084,1,NA
12084,2,NA
12085,1,NA
12085,2,NA
13001,1,0
13001,2,263
13002,1,0
13002,2,0
13003,1,98
13003,2,67
13004,1,1
13004,2,2
13005,1,0
13005,2,0
13006,1,40
13006,2,35
13007,1,0
13007,2,0
13008,1,0
13008,2,0
13009,1,0
13009,2,0
13010,1,0
13010,2,0
13011,1,6
13011,2,17
13012,1,28
13012,2,19
13013,1,NSS
13013,2,NSS
13014,1,0
13014,2,0
13015,1,283
13015,2,386
13016,1,150
13016,2,130
13017,1,0
13017,2,19
13018,1,0
13018,2,0
13019,1,72
13019,2,71
13020,1,0
13020,2,0
13021,1,NSS
13021,2,NSS
13022,1,0
13022,2,0
13023,1,1650
13023,2,1800
13024,1,0
13024,2,0
13025,1,0
13025,2,0
13026,1,15
13026,2,18
13027,1,0
13027,2,0
13028,1,0
13028,2,0
13029,1,0
13029,2,31
13030,1,0
13030,2,0
13031,1,0
13031,2,0
13032,1,0
13032,2,0
13033,1,0
13033,2,0
13034,1,0
13034,2,0
13035,1,8
13035,2,2
13036,1,0
13036,2,0
13037,1,0
13037,2,0
13038,1,0
13038,2,0
13039,1,100
13039,2,150
13040,1,0
13040,2,0
13041,1,NSS
13041,2,NSS
13042,1,0
13042,2,0
13043,1,0
13043,2,0
13044,1,NSS
13044,2,38
13045,1,0
13045,2,0
13046,1,0
13046,2,0
13047,1,0
13047,2,0
13048,1,278
13048,2,409
13049,1,0
13049,2,0
13050,1,38
13050,2,42
13051,1,0
13051,2,0
13052,1,3650
13052,2,4380
13053,1,0
13053,2,0
13054,1,7
13054,2,6
13055,1,135
13055,2,152
13056,1,NSS
13056,2,NSS
13057,1,25
13057,2,30
13058,1,8
13058,2,12
13059,1,464
13059,2,1280
13060,1,0
13060,2,1
13061,1,6
13061,2,16
13062,1,0
13062,2,0
13063,1,NSS
13063,2,NSS
13064,1,8
13064,2,6
13065,1,0
13065,2,0
13066,1,65
13066,2,74
13067,1,37
13067,2,62
13068,1,0
13068,2,0
13069,1,NSS
13069,2,NSS
13070,1,36
13070,2,45
13071,1,1
13071,2,0
13072,1,0
13072,2,30
13073,1,20
13073,2,26
13074,1,NA
13074,2,NA
13075,1,18
13075,2,22
13076,1,0
13076,2,0
13077,1,18616
13077,2,22784
13078,1,50
13078,2,75
13079,1,0
13079,2,0
13080,1,0
13080,2,0
13081,1,0
13081,2,0
13082,1,0
13082,2,0
13083,1,12
13083,2,8
13084,1,340
13084,2,410
14001,1,35
14001,2,42
14002,1,208
14002,2,215
14003,1,NSS
14003,2,120
14004,1,0
14004,2,0
14005,1,NSS
14005,2,77
14006,1,0
14006,2,0
14007,1,0
14007,2,1
14008,1,0
14008,2,0
14009,1,49
14009,2,164
14010,1,0
14010,2,0
14011,1,0
14011,2,0
14012,1,0
14012,2,0
14013,1,210
14013,2,187
14014,1,22
14014,2,32
14015,1,0
14015,2,0
14016,1,24
14016,2,21
14017,1,13
14017,2,16
14018,1,97
14018,2,200
14019,1,0
14019,2,0
14020,1,0
14020,2,0
14021,1,0
14021,2,0
14022,1,0
14022,2,0
14023,1,582
14023,2,712
14024,1,29
14024,2,80
14025,1,0
14025,2,0
14026,1,3
14026,2,10
14027,1,32
14027,2,26
14028,1,5
14028,2,5
14029,1,0
14029,2,0
14030,1,0
14030,2,0
14031,1,0
14031,2,3
14032,1,0
14032,2,0
14033,1,198
14033,2,321
14034,1,0
14034,2,0
14035,1,0
14035,2,0
14036,1,100
14036,2,104
14037,1,48
14037,2,260
14038,1,22
14038,2,27
14039,1,0
14039,2,0
14040,1,0
14040,2,0
14041,1,1
14041,2,1
14042,1,0
14042,2,0
14043,1,53
14043,2,32
14044,1,0
14044,2,0
14045,1,9
14045,2,56
14046,1,0
14046,2,0
14047,1,60
14047,2,75
14048,1,NSS
14048,2,140
14049,1,0
14049,2,1
14050,1,50
14050,2,48
14051,1,160
14051,2,140
14052,1,30
14052,2,34
14053,1,0
14053,2,187
14054,1,0
14054,2,0
14055,1,0
14055,2,0
14056,1,0
14056,2,0
14057,1,22
14057,2,23
14058,1,16
14058,2,20
14059,1,120
14059,2,180
14060,1,5
14060,2,8
14061,1,0
14061,2,0
14062,1,5
14062,2,19
14063,1,87
14063,2,217
14064,1,90
14064,2,70
14065,1,15
14065,2,10
14066,1,48
14066,2,54
14067,1,0
14067,2,0
14068,1,8
14068,2,11
14069,1,0
14069,2,1
14070,1,2247
14070,2,2198
14071,1,0
14071,2,0
14072,1,0
14072,2,0
14073,1,120
14073,2,145
14074,1,38
14074,2,40
14075,1,0
14075,2,0
14076,1,0
14076,2,0
14077,1,0
14077,2,0
14078,1,0
14078,2,0
14079,1,29
14079,2,116
14080,1,0
14080,2,0
14081,1,ND
14081,2,ND
14082,1,182
14082,2,219
14083,1,606
14083,2,595
14084,1,45
14084,2,78
14085,1,0
14085,2,0
14086,1,5
14086,2,14
14087,1,0
14087,2,5
14088,1,0
14088,2,171
14089,1,40
14089,2,30
14090,1,NSS
14090,2,24
14091,1,0
14091,2,68
14092,1,20
14092,2,27
14093,1,NA
14093,2,NA
14094,1,4
14094,2,137
14095,1,0
14095,2,0
14096,1,105
14096,2,113
14097,1,0
14097,2,0
14098,1,0
14098,2,0
14099,1,3
14099,2,5
14100,1,0
14100,2,0
14101,1,0
14101,2,0
14102,1,0
14102,2,5
14103,1,0
14103,2,0
14104,1,ND
14104,2,ND
14105,1,421
14105,2,645
14106,1,3
14106,2,0
14107,1,76
14107,2,48
14108,1,49
14108,2,56
14109,1,13
14109,2,30
14110,1,61
14110,2,40
14111,1,0
14111,2,35
14112,1,25
14112,2,25
14113,1,0
14113,2,15
14114,1,0
14114,2,0
14115,1,0
14115,2,0
14116,1,NSS
14116,2,28
14117,1,0
14117,2,0
14118,1,60
14118,2,45
14119,1,450
14119,2,1800
14120,1,12675
14120,2,10104
14121,1,0
14121,2,5201
14122,1,0
14122,2,5
14123,1,0
14123,2,0
14124,1,0
14124,2,0
14125,1,278
14125,2,295
15001,1,63
15001,2,57
15002,1,0
15002,2,0
15003,1,0
15003,2,85
15004,1,0
15004,2,0
15005,1,0
15005,2,1
15006,1,0
15006,2,0
15007,1,84
15007,2,95
15008,1,0
15008,2,3
15009,1,31
15009,2,33
15010,1,0
15010,2,90
15011,1,0
15011,2,0
15012,1,0
15012,2,0
15013,1,0
15013,2,0
15014,1,0
15014,2,0
15015,1,0
15015,2,0
15016,1,NA
15016,2,NA
15017,1,0
15017,2,0
15018,1,0
15018,2,0
15019,1,NA
15019,2,NA
15020,1,11
15020,2,28
15021,1,38
15021,2,23
15022,1,31
15022,2,77
15023,1,0
15023,2,0
15024,1,0
15024,2,0
15025,1,1600
15025,2,1414
15026,1,100
15026,2,120
15027,1,0
15027,2,0
15028,1,0
15028,2,0
15029,1,0
15029,2,0
15030,1,46
15030,2,154
15031,1,0
15031,2,936
15032,1,0
15032,2,0
15033,1,261
15033,2,250
15034,1,0
15034,2,0
15035,1,NSS
15035,2,NSS
15036,1,0
15036,2,0
15037,1,3209
15037,2,2509
15038,1,68
15038,2,65
15039,1,383
15039,2,629
15040,1,0
15040,2,0
15041,1,0
15041,2,0
15042,1,74
15042,2,110
15043,1,0
15043,2,0
15044,1,0
15044,2,0
15045,1,1200
15045,2,2000
15046,1,0
15046,2,47
15047,1,0
15047,2,0
15048,1,58
15048,2,67
15049,1,0
15049,2,0
15050,1,0
15050,2,49
15051,1,0
15051,2,0
15052,1,222
15052,2,125
15053,1,NA
15053,2,209
15054,1,22191
15054,2,29661
15055,1,NSS
15055,2,41
15056,1,63
15056,2,52
15057,1,9168
15057,2,9504
15058,1,13858
15058,2,13514
15059,1,365
15059,2,470
15060,1,0
15060,2,0
15061,1,0
15061,2,0
15062,1,0
15062,2,0
15063,1,NA
15063,2,NA
15064,1,0
15064,2,1
15065,1,NA
15065,2,140
15066,1,0
15066,2,0
15067,1,1300
15067,2,1800
15068,1,21
15068,2,39
15069,1,0
15069,2,0
15070,1,1252
15070,2,1456
15071,1,0
15071,2,0
15072,1,0
15072,2,0
15073,1,126
15073,2,100
15074,1,NSS
15074,2,450
15075,1,NA
15075,2,NA
15076,1,22191
15076,2,29661
15077,1,0
15077,2,0
15078,1,0
15078,2,0
15079,1,72
15079,2,65
15080,1,0
15080,2,0
15081,1,0
15081,2,0
15082,1,345
15082,2,370
15083,1,0
15083,2,10
15084,1,0
15084,2,0
15085,1,0
15085,2,0
15086,1,0
15086,2,0
15087,1,NSS
15087,2,NSS
15088,1,155
15088,2,94
15089,1,200
15089,2,172
15090,1,NSS
15090,2,476
15091,1,0
15091,2,652
15092,1,NA
15092,2,NA
15093,1,80
15093,2,60
15094,1,5
15094,2,35
15095,1,193
15095,2,211
15096,1,0
15096,2,9
15097,1,0
15097,2,0
15098,1,0
15098,2,0
15099,1,NA
15099,2,475
15100,1,0
15100,2,235
15101,1,0
15101,2,0
15102,1,0
15102,2,0
15103,1,0
15103,2,0
15104,1,524
15104,2,354
15105,1,2
15105,2,5
15106,1,0
15106,2,0
15107,1,50
15107,2,40
15108,1,0
15108,2,1275
15109,1,498
15109,2,439
15110,1,0
15110,2,0
15111,1,0
15111,2,1644
15112,1,80
15112,2,50
15113,1,50
15113,2,40
15114,1,0
15114,2,0
15115,1,0
15115,2,0
15116,1,NSS
15116,2,350
15117,1,0
15117,2,0
15118,1,0
15118,2,0
15119,1,0
15119,2,0
15120,1,17621
15120,2,18540
15121,1,980
15121,2,132
15122,1,21823
15122,2,19926
15123,1,222
15123,2,125
15124,1,280
15124,2,278
15125,1,0
15125,2,19
16001,1,0
16001,2,0
16002,1,0
16002,2,0
16003,1,0
16003,2,0
16004,1,0
16004,2,9
16005,1,0
16005,2,0
16006,1,0
16006,2,0
16007,1,0
16007,2,0
16008,1,NA
16008,2,NA
16009,1,0
16009,2,0
16010,1,NA
16010,2,NA
16011,1,0
16011,2,0
16012,1,125
16012,2,150
16013,1,0
16013,2,0
16014,1,0
16014,2,0
16015,1,0
16015,2,0
16016,1,5
16016,2,10
16017,1,0
16017,2,0
16018,1,NSS
16018,2,NSS
16019,1,0
16019,2,0
16020,1,0
16020,2,0
16021,1,0
16021,2,0
16022,1,0
16022,2,0
16023,1,0
16023,2,0
16024,1,2
16024,2,2
16025,1,3
16025,2,2
16026,1,0
16026,2,0
16027,1,0
16027,2,0
16028,1,300
16028,2,350
16029,1,0
16029,2,0
16030,1,0
16030,2,0
16031,1,0
16031,2,2
16032,1,59
16032,2,204
16033,1,0
16033,2,0
16034,1,3000
16034,2,4500
16035,1,0
16035,2,0
16036,1,0
16036,2,0
16037,1,0
16037,2,9
16038,1,0
16038,2,0
16039,1,0
16039,2,0
16040,1,0
16040,2,0
16041,1,0
16041,2,0
16042,1,1
16042,2,1
16043,1,0
16043,2,0
16044,1,0
16044,2,15
16045,1,0
16045,2,0
16046,1,0
16046,2,0
16047,1,0
16047,2,0
16048,1,35
16048,2,50
16049,1,0
16049,2,0
16050,1,1189
16050,2,1365
16051,1,ND
16051,2,ND
16052,1,4789
16052,2,6248
16053,1,NSS
16053,2,2466
16054,1,NSS
16054,2,NSS
16055,1,0
16055,2,0
16056,1,0
16056,2,0
16057,1,15
16057,2,20
16058,1,0
16058,2,2
16059,1,0
16059,2,0
16060,1,0
16060,2,0
16061,1,0
16061,2,0
16062,1,100
16062,2,150
16063,1,0
16063,2,29
16064,1,0
16064,2,0
16065,1,4
16065,2,6
16066,1,81
16066,2,127
16067,1,NSS
16067,2,0
16068,1,0
16068,2,2
16069,1,0
16069,2,0
16070,1,328
16070,2,253
16071,1,0
16071,2,0
16072,1,0
16072,2,0
16073,1,0
16073,2,0
16074,1,1200
16074,2,1300
16075,1,0
16075,2,0
16076,1,0
16076,2,0
16077,1,0
16077,2,0
16078,1,2
16078,2,3
16079,1,0
16079,2,0
16080,1,0
16080,2,0
16081,1,0
16081,2,0
16082,1,0
16082,2,0
16083,1,0
16083,2,0
16084,1,0
16084,2,0
16085,1,0
16085,2,0
16086,1,0
16086,2,0
16087,1,0
16087,2,0
16088,1,26
16088,2,31
16089,1,25
16089,2,21
16090,1,0
16090,2,0
16091,1,0
16091,2,0
16092,1,0
16092,2,0
16093,1,60
16093,2,48
16094,1,0
16094,2,0
16095,1,2500
16095,2,2800
16096,1,50
16096,2,50
16097,1,0
16097,2,0
16098,1,4
16098,2,18
16099,1,0
16099,2,0
16100,1,0
16100,2,0
16101,1,2
16101,2,2
16102,1,0
16102,2,0
16103,1,7
16103,2,4
16104,1,0
16104,2,0
16105,1,5
16105,2,10
16106,1,0
16106,2,0
16107,1,4805
16107,2,4698
16108,1,0
16108,2,0
16109,1,0
16109,2,0
16110,1,0
16110,2,0
16111,1,0
16111,2,0
16112,1,40
16112,2,30
16113,1,365
16113,2,365
17001,1,1500
17001,2,2500
17002,1,35
17002,2,41
17003,1,35
17003,2,52
17004,1,83
17004,2,80
17005,1,0
17005,2,0
17006,1,706
17006,2,667
17007,1,0
17007,2,0
17008,1,4735
17008,2,4396
17009,1,0
17009,2,0
17010,1,0
17010,2,0
17011,1,38
17011,2,68
17012,1,0
17012,2,0
17013,1,0
17013,2,0
17014,1,0
17014,2,0
17015,1,16
17015,2,14
17016,1,0
17016,2,0
17017,1,0
17017,2,0
17018,1,140
17018,2,115
17019,1,0
17019,2,0
17020,1,2
17020,2,2
17021,1,0
17021,2,120
17022,1,6
17022,2,8
17023,1,0
17023,2,2
17024,1,0
17024,2,0
17025,1,25
17025,2,30
17026,1,0
17026,2,0
17027,1,0
17027,2,0
17028,1,4892
17028,2,5000
17029,1,8800
17029,2,9125
17030,1,298
17030,2,325
17031,1,NA
17031,2,NA
17032,1,7
17032,2,30
17033,1,NSS
17033,2,11
17034,1,0
17034,2,0
17035,1,NA
17035,2,NA
17036,1,0
17036,2,0
18001,1,0
18001,2,0
18002,1,0
18002,2,0
18003,1,21
18003,2,28
18004,1,NSS
18004,2,161
18005,1,0
18005,2,22
18006,1,115
18006,2,100
18007,1,0
18007,2,0
18008,1,38
18008,2,207
18009,1,175
18009,2,25
18010,1,42
18010,2,102
18011,1,146
18011,2,149
18012,1,0
18012,2,132
18013,1,258
18013,2,291
18014,1,53
18014,2,94
18015,1,84
18015,2,91
18016,1,0
18016,2,0
18017,1,0
18017,2,0
18018,1,125
18018,2,260
18019,1,0
18019,2,0
18020,1,2704
18020,2,3362
19001,1,28
19001,2,65
19002,1,NA
19002,2,NA
19003,1,0
19003,2,3
19004,1,113
19004,2,182
19005,1,0
19005,2,0
19006,1,2514
19006,2,2574
19007,1,0
19007,2,0
19008,1,0
19008,2,30
19009,1,5000
19009,2,7000
19010,1,20
19010,2,27
19011,1,6
19011,2,6
19012,1,0
19012,2,0
19013,1,NSS
19013,2,NSS
19014,1,0
19014,2,0
19015,1,0
19015,2,0
19016,1,0
19016,2,0
19017,1,320
19017,2,345
19018,1,672
19018,2,725
19019,1,1001
19019,2,1010
19020,1,20
19020,2,15
19021,1,1351
19021,2,1925
19022,1,240
19022,2,180
19023,1,NA
19023,2,NA
19024,1,0
19024,2,0
19025,1,NSS
19025,2,NSS
19026,1,1614
19026,2,1305
19027,1,0
19027,2,0
19028,1,0
19028,2,1
19029,1,0
19029,2,0
19030,1,25
19030,2,10
19031,1,571
19031,2,2349
19032,1,0
19032,2,0
19033,1,16183
19033,2,15879
19034,1,0
19034,2,0
19035,1,0
19035,2,0
19036,1,0
19036,2,0
19037,1,0
19037,2,0
19038,1,0
19038,2,0
19039,1,4103
19039,2,2605
19040,1,NA
19040,2,NA
19041,1,109
19041,2,202
19042,1,NSS
19042,2,30
19043,1,0
19043,2,0
19044,1,0
19044,2,0
19045,1,NSS
19045,2,NSS
19046,1,0
19046,2,0
19047,1,0
19047,2,0
19048,1,604
19048,2,758
19049,1,0
19049,2,529
19050,1,NA
19050,2,NA
19051,1,NSS
19051,2,NSS
20001,1,0
20001,2,0
20002,1,0
20002,2,0
20003,1,0
20003,2,0
20004,1,0
20004,2,0
20005,1,0
20005,2,0
20006,1,0
20006,2,0
20007,1,NSS
20007,2,0
20008,1,0
20008,2,0
20009,1,0
20009,2,0
20010,1,0
20010,2,0
20011,1,0
20011,2,0
20012,1,0
20012,2,0
20013,1,0
20013,2,2
20014,1,0
20014,2,1
20015,1,0
20015,2,0
20016,1,0
20016,2,0
20017,1,0
20017,2,0
20018,1,0
20018,2,0
20019,1,0
20019,2,0
20020,1,0
20020,2,0
20021,1,0
20021,2,0
20022,1,0
20022,2,0
20023,1,0
20023,2,0
20024,1,0
20024,2,0
20025,1,0
20025,2,50
20026,1,0
20026,2,0
20027,1,0
20027,2,0
20028,1,50
20028,2,50
20029,1,29
20029,2,30
20030,1,NSS
20030,2,0
20031,1,0
20031,2,0
20032,1,0
20032,2,0
20033,1,0
20033,2,0
20034,1,0
20034,2,0
20035,1,0
20035,2,0
20036,1,0
20036,2,0
20037,1,0
20037,2,0
20038,1,0
20038,2,0
20039,1,0
20039,2,0
20040,1,NSS
20040,2,2
20041,1,130
20041,2,270
20042,1,60
20042,2,70
20043,1,245
20043,2,125
20044,1,0
20044,2,30
20045,1,0
20045,2,0
20046,1,0
20046,2,0
20047,1,0
20047,2,0
20048,1,0
20048,2,0
20049,1,0
20049,2,0
20050,1,0
20050,2,0
20051,1,0
20051,2,0
20052,1,0
20052,2,0
20053,1,0
20053,2,1
20054,1,0
20054,2,0
20055,1,0
20055,2,0
20056,1,0
20056,2,7
20057,1,0
20057,2,0
20058,1,NSS
20058,2,0
20059,1,0
20059,2,0
20060,1,NA
20060,2,NA
20061,1,0
20061,2,0
20062,1,0
20062,2,0
20063,1,0
20063,2,4
20064,1,0
20064,2,0
20065,1,0
20065,2,0
20066,1,0
20066,2,50
20067,1,0
20067,2,8
20068,1,NA
20068,2,NA
20069,1,0
20069,2,0
20070,1,0
20070,2,0
20071,1,0
20071,2,1
20072,1,0
20072,2,0
20073,1,25
20073,2,25
20074,1,0
20074,2,0
20075,1,0
20075,2,0
20076,1,0
20076,2,0
20077,1,0
20077,2,0
20078,1,0
20078,2,0
20079,1,NSS
20079,2,NSS
20080,1,0
20080,2,0
20081,1,0
20081,2,0
20082,1,0
20082,2,0
20083,1,0
20083,2,0
20084,1,0
20084,2,0
20085,1,0
20085,2,0
20086,1,0
20086,2,0
20087,1,0
20087,2,123
20088,1,0
20088,2,0
20089,1,0
20089,2,0
20090,1,0
20090,2,0
20091,1,0
20091,2,4
20092,1,0
20092,2,0
20093,1,0
20093,2,0
20094,1,0
20094,2,0
20095,1,0
20095,2,0
20096,1,0
20096,2,0
20097,1,NA
20097,2,NA
20098,1,0
20098,2,0
20099,1,0
20099,2,0
20100,1,0
20100,2,1
20101,1,0
20101,2,0
20102,1,0
20102,2,0
20103,1,0
20103,2,0
20104,1,0
20104,2,0
20105,1,0
20105,2,0
20106,1,0
20106,2,0
20107,1,0
20107,2,0
20108,1,0
20108,2,0
20109,1,0
20109,2,0
20110,1,0
20110,2,0
20111,1,0
20111,2,0
20112,1,3
20112,2,5
20113,1,0
20113,2,0
20114,1,0
20114,2,0
20115,1,0
20115,2,0
20116,1,0
20116,2,0
20117,1,0
20117,2,0
20118,1,0
20118,2,0
20119,1,0
20119,2,0
20120,1,0
20120,2,0
20121,1,0
20121,2,0
20122,1,0
20122,2,0
20123,1,0
20123,2,2
20124,1,0
20124,2,0
20125,1,0
20125,2,0
20126,1,0
20126,2,0
20127,1,0
20127,2,0
20128,1,0
20128,2,0
20129,1,0
20129,2,0
20130,1,0
20130,2,50
20131,1,0
20131,2,0
20132,1,2
20132,2,2
20133,1,0
20133,2,0
20134,1,0
20134,2,0
20135,1,0
20135,2,0
20136,1,NSS
20136,2,1
20137,1,0
20137,2,0
20138,1,0
20138,2,0
20139,1,0
20139,2,0
20140,1,0
20140,2,0
20141,1,0
20141,2,0
20142,1,0
20142,2,0
20143,1,0
20143,2,50
20144,1,0
20144,2,0
20145,1,6
20145,2,15
20146,1,0
20146,2,0
20147,1,0
20147,2,0
20148,1,0
20148,2,0
20149,1,0
20149,2,0
20150,1,0
20150,2,0
20151,1,0
20151,2,0
20152,1,0
20152,2,0
20153,1,0
20153,2,0
20154,1,0
20154,2,0
20155,1,0
20155,2,0
20156,1,0
20156,2,0
20157,1,0
20157,2,0
20158,1,0
20158,2,0
20159,1,0
20159,2,0
20160,1,0
20160,2,0
20161,1,0
20161,2,0
20162,1,0
20162,2,0
20163,1,0
20163,2,0
20164,1,0
20164,2,0
20165,1,2
20165,2,1
20166,1,0
20166,2,0
20167,1,0
20167,2,0
20168,1,0
20168,2,0
20169,1,0
20169,2,2
20170,1,0
20170,2,0
20171,1,12
20171,2,320
20172,1,0
20172,2,0
20173,1,0
20173,2,0
20174,1,0
20174,2,0
20175,1,0
20175,2,0
20176,1,0
20176,2,0
20177,1,0
20177,2,0
20178,1,0
20178,2,0
20179,1,0
20179,2,0
20180,1,0
20180,2,0
20181,1,0
20181,2,0
20182,1,0
20182,2,0
20183,1,0
20183,2,0
20184,1,0
20184,2,0
20185,1,0
20185,2,0
20186,1,0
20186,2,0
20187,1,0
20187,2,0
20188,1,0
20188,2,2
20189,1,0
20189,2,0
20190,1,0
20190,2,0
20191,1,0
20191,2,1
20192,1,0
20192,2,0
20193,1,0
20193,2,0
20194,1,0
20194,2,0
20195,1,0
20195,2,0
20196,1,0
20196,2,0
20197,1,0
20197,2,0
20198,1,NSS
20198,2,0
20199,1,0
20199,2,0
20200,1,0
20200,2,0
20201,1,2
20201,2,2
20202,1,0
20202,2,0
20203,1,0
20203,2,0
20204,1,0
20204,2,0
20205,1,NA
20205,2,NA
20206,1,0
20206,2,0
20207,1,NA
20207,2,NA
20208,1,0
20208,2,0
20209,1,0
20209,2,0
20210,1,0
20210,2,1
20211,1,0
20211,2,0
20212,1,0
20212,2,0
20213,1,0
20213,2,0
20214,1,0
20214,2,0
20215,1,0
20215,2,0
20216,1,1
20216,2,0
20217,1,0
20217,2,0
20218,1,0
20218,2,0
20219,1,0
20219,2,0
20220,1,0
20220,2,0
20221,1,0
20221,2,0
20222,1,2
20222,2,2
20223,1,0
20223,2,0
20224,1,0
20224,2,0
20225,1,0
20225,2,0
20226,1,0
20226,2,0
20227,1,0
20227,2,5
20228,1,0
20228,2,0
20229,1,0
20229,2,0
20230,1,0
20230,2,0
20231,1,0
20231,2,0
20232,1,NSS
20232,2,3
20233,1,0
20233,2,0
20234,1,0
20234,2,0
20235,1,0
20235,2,3
20236,1,0
20236,2,0
20237,1,0
20237,2,0
20238,1,0
20238,2,0
20239,1,0
20239,2,0
20240,1,0
20240,2,0
20241,1,0
20241,2,0
20242,1,NA
20242,2,NA
20243,1,0
20243,2,0
20244,1,0
20244,2,0
20245,1,0
20245,2,0
20246,1,0
20246,2,0
20247,1,0
20247,2,5
20248,1,0
20248,2,0
20249,1,0
20249,2,1
20250,1,0
20250,2,0
20251,1,0
20251,2,0
20252,1,0
20252,2,0
20253,1,0
20253,2,0
20254,1,NSS
20254,2,NSS
20255,1,0
20255,2,0
20256,1,0
20256,2,0
20257,1,0
20257,2,0
20258,1,0
20258,2,0
20259,1,0
20259,2,0
20260,1,0
20260,2,0
20261,1,0
20261,2,0
20262,1,2
20262,2,2
20263,1,0
20263,2,0
20264,1,0
20264,2,0
20265,1,0
20265,2,0
20266,1,0
20266,2,0
20267,1,0
20267,2,1
20268,1,0
20268,2,0
20269,1,0
20269,2,0
20270,1,NSS
20270,2,NSS
20271,1,0
20271,2,0
20272,1,0
20272,2,0
20273,1,0
20273,2,0
20274,1,0
20274,2,0
20275,1,0
20275,2,1
20276,1,NSS
20276,2,0
20277,1,0
20277,2,0
20278,1,0
20278,2,0
20279,1,0
20279,2,0
20280,1,2
20280,2,2
20281,1,2
20281,2,2
20282,1,0
20282,2,0
20283,1,0
20283,2,0
20284,1,0
20284,2,0
20285,1,0
20285,2,0
20286,1,0
20286,2,0
20287,1,0
20287,2,0
20288,1,2
20288,2,2
20289,1,0
20289,2,0
20290,1,0
20290,2,0
20291,1,0
20291,2,0
20292,1,0
20292,2,0
20293,1,0
20293,2,0
20294,1,NSS
20294,2,800
20295,1,0
20295,2,0
20296,1,0
20296,2,0
20297,1,0
20297,2,0
20298,1,0
20298,2,0
20299,1,0
20299,2,0
20300,1,0
20300,2,0
20301,1,0
20301,2,0
20302,1,0
20302,2,0
20303,1,0
20303,2,0
20304,1,2
20304,2,2
20305,1,0
20305,2,0
20306,1,0
20306,2,0
20307,1,0
20307,2,0
20308,1,0
20308,2,0
20309,1,0
20309,2,0
20310,1,0
20310,2,0
20311,1,0
20311,2,0
20312,1,0
20312,2,0
20313,1,0
20313,2,0
20314,1,0
20314,2,0
20315,1,4
20315,2,3
20316,1,0
20316,2,0
20317,1,NA
20317,2,NA
20318,1,NSS
20318,2,NSS
20319,1,NA
20319,2,NA
20320,1,0
20320,2,0
20321,1,0
20321,2,0
20322,1,NA
20322,2,NA
20323,1,0
20323,2,0
20324,1,0
20324,2,0
20325,1,0
20325,2,0
20326,1,0
20326,2,0
20327,1,0
20327,2,0
20328,1,0
20328,2,0
20329,1,0
20329,2,0
20330,1,0
20330,2,0
20331,1,0
20331,2,0
20332,1,0
20332,2,0
20333,1,0
20333,2,0
20334,1,0
20334,2,0
20335,1,0
20335,2,0
20336,1,0
20336,2,0
20337,1,3
20337,2,5
20338,1,0
20338,2,1
20339,1,40
20339,2,50
20340,1,0
20340,2,0
20341,1,0
20341,2,0
20342,1,NA
20342,2,NA
20343,1,0
20343,2,0
20344,1,0
20344,2,0
20345,1,0
20345,2,0
20346,1,0
20346,2,0
20347,1,0
20347,2,0
20348,1,0
20348,2,0
20349,1,0
20349,2,0
20350,1,NSS
20350,2,16
20351,1,0
20351,2,0
20352,1,NA
20352,2,NA
20353,1,0
20353,2,0
20354,1,0
20354,2,0
20355,1,0
20355,2,0
20356,1,0
20356,2,0
20357,1,0
20357,2,0
20358,1,0
20358,2,0
20359,1,0
20359,2,0
20360,1,0
20360,2,0
20361,1,0
20361,2,0
20362,1,0
20362,2,0
20363,1,0
20363,2,0
20364,1,0
20364,2,0
20365,1,2
20365,2,2
20366,1,0
20366,2,0
20367,1,0
20367,2,0
20368,1,0
20368,2,0
20369,1,0
20369,2,0
20370,1,0
20370,2,0
20371,1,0
20371,2,0
20372,1,0
20372,2,0
20373,1,0
20373,2,0
20374,1,NSS
20374,2,NSS
20375,1,NSS
20375,2,34
20376,1,0
20376,2,0
20377,1,0
20377,2,0
20378,1,0
20378,2,0
20379,1,1
20379,2,0
20380,1,0
20380,2,0
20381,1,0
20381,2,0
20382,1,0
20382,2,0
20383,1,0
20383,2,0
20384,1,0
20384,2,0
20385,1,0
20385,2,0
20386,1,0
20386,2,0
20387,1,0
20387,2,0
20388,1,0
20388,2,1
20389,1,0
20389,2,2
20390,1,0
20390,2,0
20391,1,0
20391,2,0
20392,1,0
20392,2,0
20393,1,1
20393,2,1
20394,1,0
20394,2,0
20395,1,0
20395,2,0
20396,1,0
20396,2,0
20397,1,25
20397,2,28
20398,1,0
20398,2,2
20399,1,0
20399,2,0
20400,1,0
20400,2,0
20401,1,NSS
20401,2,NSS
20402,1,0
20402,2,0
20403,1,0
20403,2,0
20404,1,0
20404,2,0
20405,1,0
20405,2,0
20406,1,0
20406,2,0
20407,1,0
20407,2,0
20408,1,0
20408,2,0
20409,1,0
20409,2,0
20410,1,0
20410,2,0
20411,1,0
20411,2,0
20412,1,0
20412,2,0
20413,1,11
20413,2,5
20414,1,0
20414,2,30
20415,1,0
20415,2,0
20416,1,0
20416,2,0
20417,1,0
20417,2,0
20418,1,0
20418,2,0
20419,1,0
20419,2,0
20420,1,0
20420,2,0
20421,1,0
20421,2,0
20422,1,0
20422,2,0
20423,1,0
20423,2,0
20424,1,0
20424,2,0
20425,1,0
20425,2,0
20426,1,0
20426,2,8
20427,1,0
20427,2,0
20428,1,0
20428,2,0
20429,1,0
20429,2,0
20430,1,0
20430,2,0
20431,1,0
20431,2,0
20432,1,0
20432,2,0
20433,1,0
20433,2,0
20434,1,0
20434,2,0
20435,1,0
20435,2,0
20436,1,0
20436,2,0
20437,1,0
20437,2,0
20438,1,0
20438,2,0
20439,1,0
20439,2,0
20440,1,0
20440,2,0
20441,1,0
20441,2,0
20442,1,2
20442,2,2
20443,1,2
20443,2,2
20444,1,0
20444,2,0
20445,1,0
20445,2,0
20446,1,25
20446,2,25
20447,1,0
20447,2,0
20448,1,0
20448,2,0
20449,1,0
20449,2,0
20450,1,0
20450,2,0
20451,1,0
20451,2,0
20452,1,0
20452,2,0
20453,1,0
20453,2,0
20454,1,0
20454,2,0
20455,1,0
20455,2,0
20456,1,0
20456,2,0
20457,1,0
20457,2,0
20458,1,0
20458,2,0
20459,1,0
20459,2,0
20460,1,0
20460,2,0
20461,1,0
20461,2,0
20462,1,0
20462,2,0
20463,1,0
20463,2,0
20464,1,0
20464,2,0
20465,1,0
20465,2,0
20466,1,0
20466,2,0
20467,1,0
20467,2,0
20468,1,NA
20468,2,NA
20469,1,0
20469,2,0
20470,1,0
20470,2,0
20471,1,2
20471,2,2
20472,1,NSS
20472,2,0
20473,1,2
20473,2,2
20474,1,0
20474,2,2
20475,1,0
20475,2,0
20476,1,0
20476,2,0
20477,1,0
20477,2,0
20478,1,0
20478,2,0
20479,1,0
20479,2,0
20480,1,0
20480,2,0
20481,1,3
20481,2,2
20482,1,0
20482,2,0
20483,1,0
20483,2,0
20484,1,0
20484,2,0
20485,1,0
20485,2,0
20486,1,0
20486,2,0
20487,1,0
20487,2,0
20488,1,0
20488,2,0
20489,1,0
20489,2,0
20490,1,0
20490,2,0
20491,1,0
20491,2,0
20492,1,0
20492,2,0
20493,1,0
20493,2,0
20494,1,0
20494,2,0
20495,1,0
20495,2,0
20496,1,0
20496,2,0
20497,1,0
20497,2,0
20498,1,NA
20498,2,NA
20499,1,5
20499,2,5
20500,1,50
20500,2,50
20501,1,0
20501,2,0
20502,1,0
20502,2,0
20503,1,NA
20503,2,NA
20504,1,0
20504,2,0
20505,1,NSS
20505,2,0
20506,1,0
20506,2,0
20507,1,0
20507,2,0
20508,1,0
20508,2,0
20509,1,0
20509,2,0
20510,1,0
20510,2,0
20511,1,0
20511,2,0
20512,1,0
20512,2,0
20513,1,NSS
20513,2,0
20514,1,NA
20514,2,NA
20515,1,0
20515,2,0
20516,1,0
20516,2,0
20517,1,0
20517,2,0
20518,1,0
20518,2,0
20519,1,0
20519,2,0
20520,1,0
20520,2,0
20521,1,0
20521,2,0
20522,1,0
20522,2,0
20523,1,0
20523,2,0
20524,1,0
20524,2,0
20525,1,0
20525,2,0
20526,1,0
20526,2,0
20527,1,0
20527,2,0
20528,1,0
20528,2,0
20529,1,0
20529,2,0
20530,1,0
20530,2,0
20531,1,0
20531,2,0
20532,1,0
20532,2,0
20533,1,1
20533,2,1
20534,1,0
20534,2,0
20535,1,0
20535,2,0
20536,1,0
20536,2,0
20537,1,0
20537,2,0
20538,1,0
20538,2,0
20539,1,0
20539,2,0
20540,1,0
20540,2,0
20541,1,2
20541,2,2
20542,1,0
20542,2,0
20543,1,0
20543,2,0
20544,1,0
20544,2,0
20545,1,0
20545,2,1
20546,1,0
20546,2,0
20547,1,0
20547,2,0
20548,1,NSS
20548,2,NSS
20549,1,0
20549,2,0
20550,1,0
20550,2,0
20551,1,30
20551,2,24
20552,1,0
20552,2,0
20553,1,0
20553,2,0
20554,1,0
20554,2,0
20555,1,0
20555,2,0
20556,1,0
20556,2,0
20557,1,0
20557,2,0
20558,1,0
20558,2,0
20559,1,0
20559,2,0
20560,1,0
20560,2,0
20561,1,0
20561,2,0
20562,1,0
20562,2,0
20563,1,0
20563,2,0
20564,1,0
20564,2,0
20565,1,0
20565,2,0
20566,1,0
20566,2,0
20567,1,0
20567,2,0
20568,1,0
20568,2,0
20569,1,0
20569,2,0
20570,1,700
20570,2,828
21001,1,0
21001,2,0
21002,1,0
21002,2,0
21003,1,0
21003,2,0
21004,1,0
21004,2,0
21005,1,0
21005,2,0
21006,1,0
21006,2,0
21007,1,0
21007,2,0
21008,1,2
21008,2,2
21009,1,0
21009,2,0
21010,1,0
21010,2,0
21011,1,0
21011,2,0
21012,1,NSS
21012,2,3
21013,1,0
21013,2,0
21014,1,0
21014,2,0
21015,1,0
21015,2,0
21016,1,0
21016,2,32
21017,1,4
21017,2,5
21018,1,0
21018,2,0
21019,1,0
21019,2,0
21020,1,0
21020,2,0
21021,1,0
21021,2,0
21022,1,0
21022,2,0
21023,1,0
21023,2,0
21024,1,0
21024,2,0
21025,1,0
21025,2,0
21026,1,0
21026,2,0
21027,1,0
21027,2,0
21028,1,0
21028,2,0
21029,1,10
21029,2,15
21030,1,0
21030,2,0
21031,1,0
21031,2,0
21032,1,0
21032,2,0
21033,1,0
21033,2,0
21034,1,0
21034,2,0
21035,1,0
21035,2,0
21036,1,0
21036,2,0
21037,1,0
21037,2,0
21038,1,0
21038,2,0
21039,1,0
21039,2,5
21040,1,0
21040,2,0
21041,1,132
21041,2,125
21042,1,15
21042,2,10
21043,1,0
21043,2,7
21044,1,19
21044,2,15
21045,1,NSS
21045,2,NSS
21046,1,0
21046,2,2
21047,1,0
21047,2,0
21048,1,0
21048,2,0
21049,1,0
21049,2,0
21050,1,0
21050,2,0
21051,1,85
21051,2,70
21052,1,0
21052,2,0
21053,1,480
21053,2,510
21054,1,0
21054,2,0
21055,1,0
21055,2,0
21056,1,0
21056,2,0
21057,1,0
21057,2,0
21058,1,0
21058,2,0
21059,1,0
21059,2,0
21060,1,0
21060,2,12
21061,1,0
21061,2,0
21062,1,0
21062,2,0
21063,1,0
21063,2,0
21064,1,0
21064,2,0
21065,1,5
21065,2,10
21066,1,0
21066,2,0
21067,1,4
21067,2,7
21068,1,0
21068,2,0
21069,1,38
21069,2,85
21070,1,0
21070,2,0
21071,1,0
21071,2,0
21072,1,0
21072,2,0
21073,1,0
21073,2,0
21074,1,0
21074,2,0
21075,1,0
21075,2,0
21076,1,0
21076,2,6
21077,1,0
21077,2,0
21078,1,0
21078,2,0
21079,1,0
21079,2,0
21080,1,0
21080,2,0
21081,1,0
21081,2,0
21082,1,NSS
21082,2,NSS
21083,1,0
21083,2,0
21084,1,2
21084,2,3
21085,1,0
21085,2,0
21086,1,0
21086,2,0
21087,1,0
21087,2,0
21088,1,0
21088,2,0
21089,1,0
21089,2,0
21090,1,NSS
21090,2,39
21091,1,30
21091,2,100
21092,1,1
21092,2,0
21093,1,0
21093,2,0
21094,1,0
21094,2,0
21095,1,0
21095,2,0
21096,1,0
21096,2,0
21097,1,0
21097,2,0
21098,1,0
21098,2,0
21099,1,3
21099,2,25
21100,1,0
21100,2,0
21101,1,0
21101,2,0
21102,1,NSS
21102,2,NSS
21103,1,0
21103,2,0
21104,1,0
21104,2,0
21105,1,0
21105,2,2
21106,1,0
21106,2,0
21107,1,0
21107,2,0
21108,1,0
21108,2,0
21109,1,0
21109,2,0
21110,1,0
21110,2,0
21111,1,300
21111,2,250
21112,1,5
21112,2,4
21113,1,0
21113,2,0
21114,1,NA
21114,2,NA
21115,1,0
21115,2,0
21116,1,0
21116,2,0
21117,1,0
21117,2,0
21118,1,254
21118,2,318
21119,1,710
21119,2,740
21120,1,9
21120,2,0
21121,1,0
21121,2,5
21122,1,0
21122,2,0
21123,1,0
21123,2,0
21124,1,0
21124,2,0
21125,1,0
21125,2,0
21126,1,NSS
21126,2,NSS
21127,1,0
21127,2,0
21128,1,70
21128,2,93
21129,1,NSS
21129,2,0
21130,1,0
21130,2,0
21131,1,0
21131,2,0
21132,1,0
21132,2,0
21133,1,0
21133,2,0
21134,1,0
21134,2,0
21135,1,0
21135,2,0
21136,1,0
21136,2,0
21137,1,10
21137,2,20
21138,1,0
21138,2,183
21139,1,0
21139,2,0
21140,1,99
21140,2,161
21141,1,0
21141,2,0
21142,1,0
21142,2,0
21143,1,4
21143,2,15
21144,1,0
21144,2,0
21145,1,0
21145,2,1
21146,1,0
21146,2,0
21147,1,0
21147,2,0
21148,1,0
21148,2,0
21149,1,1
21149,2,1
21150,1,0
21150,2,0
21151,1,0
21151,2,0
21152,1,0
21152,2,0
21153,1,0
21153,2,0
21154,1,0
21154,2,0
21155,1,0
21155,2,0
21156,1,70
21156,2,96
21157,1,NSS
21157,2,250
21158,1,0
21158,2,0
21159,1,0
21159,2,0
21160,1,0
21160,2,1
21161,1,0
21161,2,0
21162,1,5
21162,2,15
21163,1,0
21163,2,0
21164,1,0
21164,2,0
21165,1,0
21165,2,0
21166,1,0
21166,2,0
21167,1,0
21167,2,0
21168,1,0
21168,2,0
21169,1,0
21169,2,0
21170,1,0
21170,2,15
21171,1,0
21171,2,0
21172,1,0
21172,2,0
21173,1,0
21173,2,0
21174,1,10
21174,2,20
21175,1,NSS
21175,2,NSS
21176,1,0
21176,2,10
21177,1,42
21177,2,15
21178,1,16
21178,2,25
21179,1,40
21179,2,80
21180,1,0
21180,2,0
21181,1,0
21181,2,0
21182,1,0
21182,2,0
21183,1,300
21183,2,250
21184,1,0
21184,2,0
21185,1,0
21185,2,0
21186,1,2
21186,2,4
21187,1,0
21187,2,0
21188,1,0
21188,2,0
21189,1,0
21189,2,0
21190,1,0
21190,2,1
21191,1,NSS
21191,2,NSS
21192,1,0
21192,2,0
21193,1,0
21193,2,0
21194,1,0
21194,2,0
21195,1,0
21195,2,2
21196,1,0
21196,2,0
21197,1,973
21197,2,1080
21198,1,0
21198,2,0
21199,1,0
21199,2,0
21200,1,0
21200,2,0
21201,1,0
21201,2,0
21202,1,0
21202,2,0
21203,1,0
21203,2,0
21204,1,0
21204,2,0
21205,1,0
21205,2,0
21206,1,0
21206,2,0
21207,1,1
21207,2,5
21208,1,0
21208,2,0
21209,1,0
21209,2,0
21210,1,0
21210,2,0
21211,1,15
21211,2,30
21212,1,0
21212,2,0
21213,1,0
21213,2,0
21214,1,0
21214,2,0
21215,1,0
21215,2,0
21216,1,0
21216,2,0
21217,1,0
21217,2,0
22001,1,1292
22001,2,1336
22002,1,0
22002,2,50
22003,1,0
22003,2,0
22004,1,0
22004,2,0
22005,1,215
22005,2,386
22006,1,1740
22006,2,1672
22007,1,0
22007,2,122
22008,1,274
22008,2,568
22009,1,9
22009,2,11
22010,1,0
22010,2,0
22011,1,1330
22011,2,1409
22012,1,54
22012,2,63
22013,1,17
22013,2,21
22014,1,7857
22014,2,8609
22015,1,0
22015,2,20
22016,1,0
22016,2,0
22017,1,128
22017,2,249
22018,1,0
22018,2,0
23001,1,NSS
23001,2,NSS
23002,1,0
23002,2,112
23003,1,0
23003,2,0
23004,1,0
23004,2,0
23005,1,0
23005,2,0
23006,1,6
23006,2,8
23007,1,NSS
23007,2,51
23008,1,112
23008,2,690
23009,1,NSS
23009,2,NSS
23010,1,46
23010,2,92
23011,1,936
23011,2,798
24001,1,312
24001,2,300
24002,1,0
24002,2,0
24003,1,0
24003,2,0
24004,1,0
24004,2,0
24005,1,0
24005,2,0
24006,1,0
24006,2,0
24007,1,0
24007,2,0
24008,1,0
24008,2,0
24009,1,10
24009,2,12
24010,1,194
24010,2,173
24011,1,43
24011,2,74
24012,1,0
24012,2,0
24013,1,108
24013,2,114
24014,1,0
24014,2,0
24015,1,12
24015,2,20
24016,1,0
24016,2,0
24017,1,4
24017,2,22
24018,1,0
24018,2,3
24019,1,0
24019,2,0
24020,1,0
24020,2,0
24021,1,0
24021,2,3
24022,1,0
24022,2,0
24023,1,0
24023,2,0
24024,1,0
24024,2,0
24025,1,201
24025,2,110
24026,1,0
24026,2,0
24027,1,2
24027,2,2
24028,1,361
24028,2,1296
24029,1,0
24029,2,0
24030,1,NA
24030,2,NA
24031,1,0
24031,2,0
24032,1,NSS
24032,2,24
24033,1,0
24033,2,0
24034,1,0
24034,2,0
24035,1,NA
24035,2,NA
24036,1,0
24036,2,0
24037,1,0
24037,2,0
24038,1,0
24038,2,0
24039,1,0
24039,2,0
24040,1,0
24040,2,0
24041,1,0
24041,2,0
24042,1,2
24042,2,2
24043,1,24
24043,2,30
24044,1,0
24044,2,0
24045,1,56
24045,2,24
24046,1,0
24046,2,0
24047,1,NSS
24047,2,0
24048,1,0
24048,2,0
24049,1,0
24049,2,0
24050,1,0
24050,2,0
24051,1,0
24051,2,0
24052,1,0
24052,2,0
24053,1,0
24053,2,0
24054,1,0
24054,2,0
24055,1,0
24055,2,0
24056,1,0
24056,2,0
24057,1,0
24057,2,0
24058,1,0
24058,2,0
25001,1,0
25001,2,0
25002,1,0
25002,2,0
25003,1,0
25003,2,0
25004,1,1
25004,2,0
25005,1,0
25005,2,0
25006,1,0
25006,2,0
25007,1,0
25007,2,0
25008,1,0
25008,2,0
25009,1,0
25009,2,0
25010,1,85
25010,2,52
25011,1,0
25011,2,0
25012,1,342
25012,2,129
25013,1,NSS
25013,2,NSS
25014,1,0
25014,2,0
25015,1,1
25015,2,1
25016,1,0
25016,2,0
25017,1,0
25017,2,0
25018,1,0
25018,2,0
26001,1,0
26001,2,0
26002,1,NA
26002,2,NA
26003,1,0
26003,2,0
26004,1,4
26004,2,24
26005,1,1
26005,2,5
26006,1,0
26006,2,0
26007,1,0
26007,2,0
26008,1,0
26008,2,0
26009,1,0
26009,2,0
26010,1,0
26010,2,0
26011,1,0
26011,2,0
26012,1,0
26012,2,402
26013,1,0
26013,2,0
26014,1,0
26014,2,0
26015,1,0
26015,2,0
26016,1,24
26016,2,26
26017,1,1865
26017,2,1718
26018,1,2897
26018,2,3428
26019,1,666
26019,2,1081
26020,1,0
26020,2,60
26021,1,0
26021,2,0
26022,1,0
26022,2,0
26023,1,0
26023,2,0
26024,1,0
26024,2,0
26025,1,1728
26025,2,1339
26026,1,386
26026,2,322
26027,1,48
26027,2,98
26028,1,0
26028,2,0
26029,1,0
26029,2,0
26030,1,6206
26030,2,7372
26031,1,0
26031,2,0
26032,1,0
26032,2,0
26033,1,0
26033,2,441
26034,1,0
26034,2,6
26035,1,79
26035,2,113
26036,1,0
26036,2,0
26037,1,8
26037,2,15
26038,1,160
26038,2,180
26039,1,26
26039,2,112
26040,1,0
26040,2,0
26041,1,0
26041,2,0
26042,1,0
26042,2,0
26043,1,2090
26043,2,2870
26044,1,0
26044,2,7
26045,1,0
26045,2,0
26046,1,0
26046,2,0
26047,1,0
26047,2,0
26048,1,0
26048,2,0
26049,1,0
26049,2,0
26050,1,17
26050,2,22
26051,1,0
26051,2,47
26052,1,42
26052,2,40
26053,1,0
26053,2,0
26054,1,0
26054,2,0
26055,1,2398
26055,2,1980
26056,1,0
26056,2,0
26057,1,0
26057,2,0
26058,1,0
26058,2,0
26059,1,0
26059,2,0
26060,1,0
26060,2,0
26061,1,NSS
26061,2,0
26062,1,0
26062,2,0
26063,1,0
26063,2,0
26064,1,0
26064,2,0
26065,1,0
26065,2,0
26066,1,0
26066,2,0
26067,1,10
26067,2,12
26068,1,0
26068,2,0
26069,1,0
26069,2,0
26070,1,0
26070,2,144
26071,1,17
26071,2,25
26072,1,67
26072,2,72
27001,1,12
27001,2,19
27002,1,0
27002,2,0
27003,1,0
27003,2,11
27004,1,NA
27004,2,NA
27005,1,63
27005,2,79
27006,1,41
27006,2,74
27007,1,0
27007,2,0
27008,1,308
27008,2,294
27009,1,94
27009,2,154
27010,1,0
27010,2,0
27011,1,150
27011,2,200
27012,1,145
27012,2,220
27013,1,NA
27013,2,NA
27014,1,245
27014,2,270
27015,1,0
27015,2,0
27016,1,1
27016,2,1
27017,1,0
27017,2,0
28001,1,NA
28001,2,NA
28002,1,NA
28002,2,NA
28003,1,NA
28003,2,NA
28004,1,NA
28004,2,NA
28005,1,NA
28005,2,NA
28006,1,NA
28006,2,NA
28007,1,NA
28007,2,NA
28008,1,NA
28008,2,NA
28009,1,NA
28009,2,NA
28010,1,NA
28010,2,NA
28011,1,NA
28011,2,NA
28012,1,NA
28012,2,NA
28013,1,NA
28013,2,NA
28014,1,NA
28014,2,NA
28015,1,NA
28015,2,NA
28016,1,NA
28016,2,NA
28017,1,NA
28017,2,NA
28018,1,NA
28018,2,NA
28019,1,NA
28019,2,NA
28020,1,NA
28020,2,NA
28021,1,NA
28021,2,NA
28022,1,NA
28022,2,NA
28023,1,NA
28023,2,NA
28024,1,NA
28024,2,NA
28025,1,NA
28025,2,NA
28026,1,NA
28026,2,NA
28027,1,NA
28027,2,NA
28028,1,NA
28028,2,NA
28029,1,NA
28029,2,NA
28030,1,NA
28030,2,NA
28031,1,NA
28031,2,NA
28032,1,NA
28032,2,NA
28033,1,NA
28033,2,NA
28034,1,NA
28034,2,NA
28035,1,NA
28035,2,NA
28036,1,NA
28036,2,NA
28037,1,NA
28037,2,NA
28038,1,NA
28038,2,NA
28039,1,NA
28039,2,NA
28040,1,NA
28040,2,NA
28041,1,NA
28041,2,NA
28042,1,NA
28042,2,NA
28043,1,NA
28043,2,NA
29001,1,NSS
29001,2,7
29002,1,NSS
29002,2,40
29003,1,0
29003,2,10
29004,1,0
29004,2,0
29005,1,0
29005,2,40
29006,1,66
29006,2,74
29007,1,0
29007,2,0
29008,1,0
29008,2,5
29009,1,0
29009,2,0
29010,1,84
29010,2,89
29011,1,0
29011,2,0
29012,1,29
29012,2,25
29013,1,0
29013,2,0
29014,1,0
29014,2,0
29015,1,36
29015,2,323
29016,1,2
29016,2,6
29017,1,0
29017,2,0
29018,1,25
29018,2,65
29019,1,0
29019,2,1321
29020,1,0
29020,2,0
29021,1,195
29021,2,356
29022,1,0
29022,2,0
29023,1,NSS
29023,2,NSS
29024,1,1500
29024,2,1800
29025,1,0
29025,2,0
29026,1,0
29026,2,0
29027,1,2
29027,2,2
29028,1,0
29028,2,0
29029,1,2
29029,2,13
29030,1,0
29030,2,0
29031,1,49
29031,2,29
29032,1,0
29032,2,10
29033,1,95
29033,2,118
29034,1,NA
29034,2,NA
29035,1,0
29035,2,2
29036,1,0
29036,2,0
29037,1,0
29037,2,0
29038,1,0
29038,2,0
29039,1,0
29039,2,0
29040,1,NSS
29040,2,NSS
29041,1,0
29041,2,0
29042,1,0
29042,2,0
29043,1,0
29043,2,0
29044,1,0
29044,2,0
29045,1,0
29045,2,0
29046,1,0
29046,2,1
29047,1,0
29047,2,0
29048,1,0
29048,2,44
29049,1,5
29049,2,36
29050,1,0
29050,2,0
29051,1,0
29051,2,5
29052,1,0
29052,2,0
29053,1,766
29053,2,832
29054,1,0
29054,2,0
29055,1,0
29055,2,0
29056,1,0
29056,2,0
29057,1,NSS
29057,2,NSS
29058,1,21
29058,2,127
29059,1,3
29059,2,2
29060,1,0
29060,2,0
30001,1,0
30001,2,0
30002,1,0
30002,2,0
30003,1,NA
30003,2,300
30004,1,0
30004,2,0
30005,1,0
30005,2,0
30006,1,0
30006,2,0
30007,1,0
30007,2,0
30008,1,NSS
30008,2,205
30009,1,0
30009,2,0
30010,1,0
30010,2,103
30011,1,0
30011,2,0
30012,1,0
30012,2,0
30013,1,3
30013,2,5
30014,1,NSS
30014,2,NSS
30015,1,NSS
30015,2,0
30016,1,NSS
30016,2,NSS
30017,1,0
30017,2,0
30018,1,0
30018,2,0
30019,1,0
30019,2,2
30020,1,0
30020,2,100
30021,1,0
30021,2,0
30022,1,0
30022,2,0
30023,1,1500
30023,2,1600
30024,1,15
30024,2,25
30025,1,0
30025,2,0
30026,1,0
30026,2,0
30027,1,0
30027,2,0
30028,1,0
30028,2,0
30029,1,0
30029,2,0
30030,1,0
30030,2,0
30031,1,0
30031,2,0
30032,1,11
30032,2,8
30033,1,120
30033,2,170
30034,1,0
30034,2,0
30035,1,0
30035,2,0
30036,1,0
30036,2,2
30037,1,0
30037,2,0
30038,1,0
30038,2,0
30039,1,1
30039,2,4
30040,1,NA
30040,2,NA
30041,1,0
30041,2,0
30042,1,0
30042,2,0
30043,1,0
30043,2,3
30044,1,NSS
30044,2,NSS
30045,1,0
30045,2,0
30046,1,0
30046,2,0
30047,1,0
30047,2,0
30048,1,NSS
30048,2,0
30049,1,0
30049,2,0
30050,1,0
30050,2,1
30051,1,5
30051,2,0
30052,1,NSS
30052,2,0
30053,1,0
30053,2,0
30054,1,1
30054,2,0
30055,1,0
30055,2,0
30056,1,0
30056,2,0
30057,1,0
30057,2,0
30058,1,0
30058,2,30
30059,1,0
30059,2,15
30060,1,0
30060,2,0
30061,1,0
30061,2,0
30062,1,NSS
30062,2,0
30063,1,0
30063,2,0
30064,1,0
30064,2,0
30065,1,0
30065,2,0
30066,1,NSS
30066,2,0
30067,1,0
30067,2,0
30068,1,NA
30068,2,NA
30069,1,0
30069,2,8
30070,1,0
30070,2,0
30071,1,0
30071,2,16
30072,1,8
30072,2,7
30073,1,NA
30073,2,NA
30074,1,NA
30074,2,NA
30075,1,NA
30075,2,NA
30076,1,NSS
30076,2,7
30077,1,0
30077,2,0
30078,1,0
30078,2,0
30079,1,0
30079,2,8
30080,1,0
30080,2,0
30081,1,0
30081,2,0
30082,1,NA
30082,2,NA
30083,1,0
30083,2,0
30084,1,0
30084,2,0
30085,1,0
30085,2,0
30086,1,NSS
30086,2,3
30087,1,2258
30087,2,1984
30088,1,0
30088,2,0
30089,1,12
30089,2,4
30090,1,0
30090,2,2
30091,1,0
30091,2,0
30092,1,NA
30092,2,NA
30093,1,NA
30093,2,NA
30094,1,0
30094,2,0
30095,1,0
30095,2,0
30096,1,0
30096,2,0
30097,1,NA
30097,2,5
30098,1,0
30098,2,0
30099,1,NA
30099,2,NA
30100,1,0
30100,2,0
30101,1,0
30101,2,0
30102,1,7007
30102,2,6971
30103,1,0
30103,2,28
30104,1,0
30104,2,18
30105,1,NA
30105,2,NA
30106,1,0
30106,2,0
30107,1,0
30107,2,0
30108,1,0
30108,2,36
30109,1,0
30109,2,0
30110,1,0
30110,2,0
30111,1,NSS
30111,2,162
30112,1,0
30112,2,0
30113,1,NSS
30113,2,0
30114,1,0
30114,2,0
30115,1,0
30115,2,0
30116,1,0
30116,2,0
30117,1,0
30117,2,0
30118,1,185
30118,2,168
30119,1,NA
30119,2,NA
30120,1,NSS
30120,2,0
30121,1,0
30121,2,0
30122,1,0
30122,2,1
30123,1,0
30123,2,0
30124,1,0
30124,2,0
30125,1,NSS
30125,2,NSS
30126,1,0
30126,2,0
30127,1,0
30127,2,20
30128,1,0
30128,2,0
30129,1,0
30129,2,0
30130,1,0
30130,2,0
30131,1,0
30131,2,0
30132,1,0
30132,2,0
30133,1,0
30133,2,0
30134,1,0
30134,2,0
30135,1,0
30135,2,0
30136,1,NSS
30136,2,0
30137,1,0
30137,2,0
30138,1,NA
30138,2,NA
30139,1,0
30139,2,0
30140,1,0
30140,2,0
30141,1,0
30141,2,0
30142,1,0
30142,2,0
30143,1,0
30143,2,0
30144,1,NA
30144,2,NA
30145,1,NSS
30145,2,0
30146,1,0
30146,2,50
30147,1,NA
30147,2,NA
30148,1,0
30148,2,0
30149,1,0
30149,2,10
30150,1,0
30150,2,1
30151,1,0
30151,2,0
30152,1,0
30152,2,0
30153,1,0
30153,2,4
30154,1,0
30154,2,0
30155,1,NSS
30155,2,9
30156,1,NSS
30156,2,6
30157,1,0
30157,2,25
30158,1,0
30158,2,0
30159,1,0
30159,2,0
30160,1,0
30160,2,0
30161,1,0
30161,2,0
30162,1,0
30162,2,0
30163,1,0
30163,2,0
30164,1,0
30164,2,0
30165,1,0
30165,2,0
30166,1,0
30166,2,0
30167,1,4
30167,2,5
30168,1,0
30168,2,0
30169,1,NA
30169,2,NA
30170,1,0
30170,2,5
30171,1,0
30171,2,20
30172,1,0
30172,2,0
30173,1,NSS
30173,2,0
30174,1,2
30174,2,0
30175,1,0
30175,2,0
30176,1,0
30176,2,0
30177,1,0
30177,2,2
30178,1,0
30178,2,0
30179,1,0
30179,2,0
30180,1,0
30180,2,0
30181,1,1
30181,2,6
30182,1,NSS
30182,2,NSS
30183,1,0
30183,2,0
30184,1,0
30184,2,3
30185,1,0
30185,2,0
30186,1,NSS
30186,2,3
30187,1,0
30187,2,0
30188,1,NSS
30188,2,16
30189,1,0
30189,2,61
30190,1,0
30190,2,0
30191,1,NA
30191,2,NA
30192,1,0
30192,2,0
30193,1,NSS
30193,2,NSS
30194,1,9
30194,2,2
30195,1,0
30195,2,0
30196,1,NA
30196,2,0
30197,1,0
30197,2,0
30198,1,0
30198,2,0
30199,1,0
30199,2,0
30200,1,0
30200,2,2
30201,1,NSS
30201,2,0
30202,1,NSS
30202,2,80
30203,1,0
30203,2,0
30204,1,0
30204,2,0
30205,1,NSS
30205,2,NSS
30206,1,0
30206,2,0
30207,1,0
30207,2,0
30208,1,0
30208,2,0
30209,1,0
30209,2,0
30210,1,0
30210,2,0
30211,1,0
30211,2,0
30212,1,0
30212,2,20
31001,1,0
31001,2,0
31002,1,0
31002,2,0
31003,1,0
31003,2,2
31004,1,0
31004,2,0
31005,1,0
31005,2,2
31006,1,0
31006,2,0
31007,1,0
31007,2,2
31008,1,0
31008,2,0
31009,1,15
31009,2,35
31010,1,0
31010,2,0
31011,1,0
31011,2,0
31012,1,0
31012,2,5
31013,1,0
31013,2,0
31014,1,0
31014,2,0
31015,1,0
31015,2,0
31016,1,0
31016,2,1
31017,1,0
31017,2,0
31018,1,0
31018,2,5
31019,1,0
31019,2,0
31020,1,0
31020,2,0
31021,1,0
31021,2,0
31022,1,0
31022,2,0
31023,1,0
31023,2,0
31024,1,0
31024,2,0
31025,1,0
31025,2,0
31026,1,700
31026,2,470
31027,1,4
31027,2,3
31028,1,50
31028,2,48
31029,1,150
31029,2,170
31030,1,0
31030,2,0
31031,1,0
31031,2,0
31032,1,0
31032,2,0
31033,1,0
31033,2,0
31034,1,0
31034,2,0
31035,1,0
31035,2,3
31036,1,0
31036,2,0
31037,1,0
31037,2,0
31038,1,0
31038,2,0
31039,1,0
31039,2,0
31040,1,10
31040,2,15
31041,1,0
31041,2,0
31042,1,0
31042,2,0
31043,1,0
31043,2,0
31044,1,0
31044,2,2
31045,1,0
31045,2,0
31046,1,3
31046,2,1
31047,1,4
31047,2,5
31048,1,0
31048,2,0
31049,1,0
31049,2,0
31050,1,0
31050,2,0
31051,1,0
31051,2,12
31052,1,47
31052,2,56
31053,1,0
31053,2,10
31054,1,0
31054,2,0
31055,1,0
31055,2,0
31056,1,0
31056,2,0
31057,1,0
31057,2,2
31058,1,NSS
31058,2,0
31059,1,0
31059,2,0
31060,1,0
31060,2,0
31061,1,0
31061,2,0
31062,1,1
31062,2,3
31063,1,0
31063,2,0
31064,1,0
31064,2,0
31065,1,0
31065,2,0
31066,1,0
31066,2,0
31067,1,0
31067,2,0
31068,1,0
31068,2,0
31069,1,0
31069,2,0
31070,1,5
31070,2,5
31071,1,0
31071,2,0
31072,1,0
31072,2,0
31073,1,0
31073,2,0
31074,1,0
31074,2,0
31075,1,0
31075,2,0
31076,1,0
31076,2,0
31077,1,0
31077,2,0
31078,1,0
31078,2,3
31079,1,340
31079,2,110
31080,1,1
31080,2,0
31081,1,0
31081,2,0
31082,1,0
31082,2,0
31083,1,15
31083,2,15
31084,1,0
31084,2,0
31085,1,0
31085,2,0
31086,1,0
31086,2,3
31087,1,0
31087,2,0
31088,1,0
31088,2,0
31089,1,0
31089,2,0
31090,1,0
31090,2,0
31091,1,0
31091,2,2
31092,1,0
31092,2,1
31093,1,0
31093,2,15
31094,1,0
31094,2,0
31095,1,0
31095,2,0
31096,1,0
31096,2,0
31097,1,0
31097,2,0
31098,1,1
31098,2,0
31099,1,2
31099,2,2
31100,1,0
31100,2,0
31101,1,0
31101,2,0
31102,1,73
31102,2,85
31103,1,0
31103,2,0
31104,1,0
31104,2,0
31105,1,0
31105,2,0
31106,1,5
31106,2,5
32001,1,2
32001,2,2
32002,1,NA
32002,2,NA
32003,1,95
32003,2,120
32004,1,0
32004,2,0
32005,1,0
32005,2,0
32006,1,0
32006,2,3
32007,1,0
32007,2,31
32008,1,0
32008,2,0
32009,1,0
32009,2,0
32010,1,80
32010,2,150
32011,1,0
32011,2,0
32012,1,NSS
32012,2,NSS
32013,1,0
32013,2,0
32014,1,0
32014,2,0
32015,1,0
32015,2,0
32016,1,0
32016,2,0
32017,1,0
32017,2,0
32018,1,0
32018,2,0
32019,1,4
32019,2,5
32020,1,18390
32020,2,8227
32021,1,1
32021,2,1
32022,1,NSS
32022,2,4
32023,1,15
32023,2,20
32024,1,0
32024,2,0
32025,1,0
32025,2,0
32026,1,0
32026,2,0
32027,1,0
32027,2,0
32028,1,0
32028,2,0
32029,1,0
32029,2,0
32030,1,0
32030,2,0
32031,1,0
32031,2,0
32032,1,0
32032,2,0
32033,1,0
32033,2,0
32034,1,NSS
32034,2,NSS
32035,1,12
32035,2,8
32036,1,0
32036,2,0
32037,1,0
32037,2,0
32038,1,0
32038,2,0
32039,1,0
32039,2,0
32040,1,0
32040,2,0
32041,1,0
32041,2,0
32042,1,0
32042,2,0
32043,1,0
32043,2,0
32044,1,250
32044,2,233
32045,1,0
32045,2,0
32046,1,0
32046,2,1
32047,1,0
32047,2,0
32048,1,1
32048,2,2
32049,1,1
32049,2,0
32050,1,0
32050,2,0
32051,1,0
32051,2,0
32052,1,0
32052,2,0
32053,1,0
32053,2,0
32054,1,0
32054,2,0
32055,1,0
32055,2,0
32056,1,100
32056,2,297
32057,1,20
32057,2,25
32058,1,0
32058,2,0
