ubicageo_f,apalin1,apalin2,apalin3,apalin5,apalin6,apalin7
1001,30,30,0,250,250,0
1002,2,2,0,2,2,0
1003,3,3,0,1,0,1
1004,1,1,0,1,1,0
1005,10,10,0,14,14,0
1006,3,2,1,3,2,1
1007,2,1,1,6,5,1
1008,1,1,0,1,0,1
1009,2,1,1,2,1,1
1010,2,1,1,2,1,1
1011,2,2,0,7,7,0
2001,15,15,0,75,75,0
2002,164,164,0,349,349,0
2003,2,2,0,2,2,0
2004,15,15,0,170,170,0
2005,6,6,0,6,6,0
2006,8,8,0,8,8,0
2007,1,1,0,1,1,0
3001,0,0,0,0,0,0
3002,11,4,7,11,4,7
3003,10,7,3,44,41,3
3008,2,2,0,2,2,0
3009,2,1,1,2,1,1
4001,1,0,1,1,0,1
4002,0,0,0,0,0,0
4003,27,27,0,27,27,0
4004,0,0,0,0,0,0
4005,0,0,0,0,0,0
4006,0,0,0,0,0,0
4007,0,0,0,0,0,0
4008,0,0,0,0,0,0
4009,0,0,0,0,0,0
4010,0,0,0,0,0,0
4011,1,1,0,1,1,0
4012,NA,NA,NA,NA,NA,NA
4013,NA,NA,NA,NA,NA,NA
5001,3,1,2,1,1,0
5002,2,2,0,2,2,0
5003,2,1,1,2,1,1
5004,1,1,0,2,2,0
5005,1,1,0,1,1,0
5006,1,1,0,2,1,1
5007,2,2,0,1,1,0
5008,NA,NA,NA,NA,NA,NA
5009,3,2,1,3,2,1
5010,1,1,0,1,1,0
5011,2,1,1,2,1,1
5012,NA,NA,NA,NA,NA,NA
5013,NA,NA,NA,NA,NA,NA
5014,0,0,0,0,0,0
5015,NA,NA,NA,NA,NA,NA
5016,2,1,1,2,1,1
5017,1,0,1,1,0,1
5018,3,3,0,14,14,0
5019,1,1,0,1,1,0
5020,1,1,0,0,0,0
5021,0,0,0,0,0,0
5022,3,1,2,3,1,2
5023,2,2,0,2,2,0
5024,2,2,0,2,2,0
5025,2,2,0,4,4,0
5026,NA,NA,NA,NA,NA,NA
5027,1,1,0,15,15,0
5028,3,3,0,3,3,0
5029,1,0,1,1,0,1
5030,34,30,4,4,0,4
5031,1,1,0,2,2,0
5032,1,1,0,0,0,0
5033,3,0,3,3,0,3
5034,1,1,0,1,1,0
5035,102,2,100,54,54,0
5036,2,1,1,2,1,1
5037,1,1,0,0,0,0
5038,1,1,0,1,1,0
6001,2,1,1,2,1,1
6002,3,2,1,8,7,1
6003,1,1,0,1,1,0
6004,2,2,0,4,4,0
6005,1,1,0,1,1,0
6006,1,1,0,4,4,0
6007,2,1,1,9,9,0
6008,4,1,3,7,4,3
6009,2,2,0,2,2,0
6010,2,2,0,20,20,0
7001,0,0,0,0,0,0
7002,1,1,0,1,1,0
7003,1,1,0,1,1,0
7004,0,0,0,0,0,0
7005,0,0,0,0,0,0
7006,0,0,0,0,0,0
7007,0,0,0,0,0,0
7008,1,0,1,1,0,1
7009,2,1,1,2,1,1
7010,0,0,0,0,0,0
7011,0,0,0,5,0,5
7012,1,0,1,1,0,1
7013,1,1,0,0,0,0
7014,1,0,1,1,0,1
7015,1,1,0,0,0,0
7016,0,0,0,0,0,0
7017,1,1,0,1,1,0
7018,0,0,0,0,0,0
7019,6,6,0,6,6,0
7020,2,1,1,2,1,1
7021,1,0,1,1,0,1
7022,0,0,0,0,0,0
7023,0,0,0,0,0,0
7024,0,0,0,0,0,0
7025,0,0,0,0,0,0
7026,0,0,0,0,0,0
7027,2,1,1,2,1,1
7028,0,0,0,0,0,0
7029,0,0,0,0,0,0
7030,0,0,0,0,0,0
7031,1,1,0,1,1,0
7032,0,0,0,0,0,0
7033,0,0,0,0,0,0
7034,0,0,0,0,0,0
7035,1,0,1,1,0,1
7036,0,0,0,0,0,0
7037,0,0,0,0,0,0
7038,0,0,0,0,0,0
7039,0,0,0,0,0,0
7040,0,0,0,1,0,1
7041,0,0,0,0,0,0
7042,0,0,0,0,0,0
7043,0,0,0,0,0,0
7044,0,0,0,0,0,0
7045,0,0,0,0,0,0
7046,1,0,1,1,0,1
7047,1,0,1,1,0,1
7048,1,1,0,1,1,0
7049,1,0,1,0,0,0
7050,1,0,1,1,0,1
7051,2,2,0,0,0,0
7052,0,0,0,0,0,0
7053,0,0,0,0,0,0
7054,2,1,1,2,1,1
7055,1,0,1,1,0,1
7056,0,0,0,0,0,0
7057,2,1,1,2,1,1
7058,0,0,0,0,0,0
7059,0,0,0,0,0,0
7060,1,0,1,1,0,1
7061,1,0,1,1,0,1
7062,2,1,1,2,1,1
7063,1,1,0,0,0,0
7064,0,0,0,0,0,0
7065,1,1,0,1,1,0
7066,0,0,0,0,0,0
7067,1,0,1,1,0,1
7068,0,0,0,0,0,0
7069,1,1,0,1,1,0
7070,1,0,1,1,0,1
7071,1,1,0,1,1,0
7072,0,0,0,0,0,0
7073,1,0,1,0,0,0
7074,0,0,0,0,0,0
7075,1,1,0,1,1,0
7076,1,1,0,1,1,0
7077,0,0,0,1,0,1
7078,2,2,0,9,9,0
7079,1,1,0,1,1,0
7080,1,0,1,1,0,1
7081,0,0,0,0,0,0
7082,0,0,0,0,0,0
7083,0,0,0,0,0,0
7084,1,0,1,0,0,0
7085,0,0,0,0,0,0
7086,3,2,1,3,2,1
7087,2,2,0,2,2,0
7088,0,0,0,0,0,0
7089,1,1,0,1,1,0
7090,0,0,0,0,0,0
7091,0,0,0,0,0,0
7092,1,1,0,1,1,0
7093,0,0,0,0,0,0
7094,0,0,0,0,0,0
7096,0,0,0,0,0,0
7097,1,1,0,1,1,0
7098,1,0,1,1,0,1
7099,1,1,0,1,1,0
7100,0,0,0,0,0,0
7101,8,0,8,10,10,0
7102,1,1,0,1,1,0
7103,0,0,0,1,0,1
7104,0,0,0,0,0,0
7105,1,0,1,1,0,1
7106,0,0,0,0,0,0
7107,0,0,0,0,0,0
7108,1,1,0,1,1,0
7109,1,0,1,1,0,1
7110,1,0,1,1,0,1
7111,0,0,0,0,0,0
7112,0,0,0,0,0,0
7113,0,0,0,0,0,0
7114,1,1,0,1,1,0
7115,0,0,0,0,0,0
7116,1,0,1,1,0,1
7117,0,0,0,0,0,0
7118,0,0,0,0,0,0
7119,0,0,0,0,0,0
7120,0,0,0,0,0,0
7121,0,0,0,0,0,0
7122,1,0,1,1,0,1
7123,0,0,0,0,0,0
7124,1,1,0,1,1,0
7125,0,0,0,0,0,0
8001,1,1,0,1,1,0
8002,2,2,0,8,8,0
8003,1,1,0,2,2,0
8004,1,1,0,1,1,0
8005,1,1,0,1,1,0
8006,0,0,0,0,0,0
8007,1,1,0,2,1,1
8008,1,1,0,0,0,0
8009,0,0,0,0,0,0
8010,5,4,1,0,0,0
8011,4,4,0,15,15,0
8012,1,1,0,1,1,0
8013,1,1,0,1,1,0
8014,1,1,0,1,1,0
8015,1,1,0,1,1,0
8016,1,1,0,1,1,0
8017,4,4,0,12,12,0
8018,1,1,0,1,1,0
8019,3,3,0,118,118,0
8020,1,1,0,1,1,0
8021,15,15,0,10,10,0
8022,1,1,0,1,1,0
8023,0,0,0,0,0,0
8024,1,1,0,1,1,0
8025,0,0,0,0,0,0
8026,0,0,0,0,0,0
8027,1,1,0,0,0,0
8028,0,0,0,0,0,0
8029,1,1,0,1,1,0
8030,1,1,0,1,1,0
8031,3,3,0,0,0,0
8032,7,7,0,17,17,0
8033,0,0,0,0,0,0
8034,0,0,0,0,0,0
8035,1,1,0,2,2,0
8036,2,2,0,5,5,0
8037,90,60,30,225,195,30
8038,1,1,0,1,1,0
8039,1,1,0,1,1,0
8040,2,2,0,2,2,0
8041,1,0,1,0,0,0
8042,0,0,0,0,0,0
8043,1,1,0,1,1,0
8044,1,1,0,2,2,0
8045,3,3,0,8,8,0
8046,0,0,0,0,0,0
8047,3,1,2,3,1,2
8048,1,0,1,1,0,1
8049,1,1,0,1,1,0
8050,2,2,0,0,0,0
8051,0,0,0,0,0,0
8052,2,2,0,0,0,0
8053,0,0,0,0,0,0
8054,1,1,0,1,1,0
8055,1,1,0,1,1,0
8056,3,3,0,1,0,1
8057,0,0,0,2,2,0
8058,1,0,1,1,0,1
8059,1,1,0,1,1,0
8060,1,1,0,3,3,0
8061,1,1,0,1,1,0
8062,3,3,0,3,3,0
8063,1,1,0,0,0,0
8064,1,1,0,1,1,0
8065,0,0,0,2,1,1
8066,1,1,0,0,0,0
8067,1,1,0,1,1,0
9002,NA,NA,NA,NA,NA,NA
9003,NA,NA,NA,NA,NA,NA
9004,NA,NA,NA,NA,NA,NA
9005,NA,NA,NA,NA,NA,NA
9006,NA,NA,NA,NA,NA,NA
9007,NA,NA,NA,NA,NA,NA
9008,NA,NA,NA,NA,NA,NA
9009,NA,NA,NA,NA,NA,NA
9010,NA,NA,NA,NA,NA,NA
9011,NA,NA,NA,NA,NA,NA
9012,NA,NA,NA,NA,NA,NA
9013,NA,NA,NA,NA,NA,NA
9014,NA,NA,NA,NA,NA,NA
9015,NA,NA,NA,NA,NA,NA
9016,NA,NA,NA,NA,NA,NA
9017,NA,NA,NA,NA,NA,NA
10001,1,1,0,1,0,1
10002,1,0,1,1,0,1
10003,1,1,0,1,1,0
10004,1,1,0,1,1,0
10005,1,1,0,98,98,0
10006,0,0,0,0,0,0
10007,2,2,0,14,14,0
10008,1,1,0,1,0,1
10009,2,1,1,2,1,1
10010,2,2,0,2,2,0
10011,0,0,0,0,0,0
10012,1,1,0,4,4,0
10013,3,3,0,3,3,0
10014,1,0,1,1,0,1
10015,1,1,0,1,1,0
10016,2,1,1,2,1,1
10017,1,1,0,1,1,0
10018,1,1,0,1,1,0
10019,0,0,0,0,0,0
10020,1,1,0,1,1,0
10021,1,1,0,1,1,0
10022,1,1,0,0,0,0
10023,1,1,0,1,1,0
10024,1,1,0,1,1,0
10025,0,0,0,0,0,0
10026,0,0,0,0,0,0
10027,1,1,0,1,1,0
10028,1,0,1,1,0,1
10029,1,0,1,1,0,1
10030,1,1,0,1,1,0
10031,0,0,0,0,0,0
10032,2,2,0,2,2,0
10033,0,0,0,0,0,0
10034,1,0,1,1,0,1
10035,1,1,0,1,1,0
10036,1,1,0,1,1,0
10037,0,0,0,0,0,0
10038,1,0,1,1,0,1
10039,1,1,0,1,1,0
11001,1,1,0,1,1,0
11002,1,1,0,1,1,0
11003,2,2,0,4,4,0
11004,3,3,0,3,3,0
11005,2,2,0,1,0,1
11006,2,2,0,2,2,0
11007,20,10,10,20,10,10
11008,NA,NA,NA,NA,NA,NA
11009,1,1,0,1,1,0
11010,1,1,0,1,1,0
11011,1,1,0,1,1,0
11012,4,3,1,4,3,1
11013,3,3,0,3,3,0
11014,4,4,0,10,10,0
11015,15,6,9,19,10,9
11016,2,2,0,2,2,0
11017,15,15,0,37,37,0
11018,2,2,0,2,2,0
11019,2,2,0,2,2,0
11020,48,20,28,98,70,28
11021,1,1,0,2,0,2
11022,3,3,0,3,3,0
11023,14,4,10,22,12,10
11024,1,1,0,1,1,0
11025,2,2,0,2,2,0
11026,3,3,0,0,0,0
11027,4,2,2,22,20,2
11028,3,3,0,13,13,0
11029,5,4,1,5,4,1
11030,2,2,0,2,2,0
11031,18,5,13,47,34,13
11032,6,6,0,8,8,0
11033,7,5,2,7,5,2
11034,2,2,0,1,0,1
11035,NSS,NSS,NSS,NSS,NSS,NSS
11036,1,1,0,1,1,0
11037,10,8,2,10,8,2
11038,1,1,0,1,1,0
11039,NSS,NSS,NSS,NSS,NSS,NSS
11040,2,1,1,3,2,1
11041,4,3,1,7,6,1
11042,3,3,0,3,3,0
11043,1,1,0,1,1,0
11044,5,4,1,3,2,1
11045,1,1,0,2,2,0
11046,2,2,0,2,2,0
12001,9,9,0,43,43,0
12002,1,1,0,1,1,0
12003,0,0,0,0,0,0
12004,1,1,0,1,1,0
12005,1,1,0,1,1,0
12006,0,0,0,0,0,0
12007,1,1,0,1,1,0
12008,1,1,0,1,0,1
12009,0,0,0,0,0,0
12010,0,0,0,0,0,0
12011,1,1,0,2,1,1
12012,1,1,0,1,1,0
12013,1,1,0,1,1,0
12014,1,1,0,1,1,0
12015,1,1,0,0,0,0
12016,0,0,0,0,0,0
12017,0,0,0,0,0,0
12018,1,1,0,1,1,0
12019,0,0,0,0,0,0
12020,1,1,0,1,1,0
12021,1,1,0,1,1,0
12022,1,1,0,1,1,0
12023,2,1,1,2,1,1
12024,1,1,0,1,1,0
12025,1,1,0,1,1,0
12026,0,0,0,0,0,0
12027,1,0,1,1,0,1
12028,3,3,0,3,3,0
12029,4,3,1,6,5,1
12030,1,1,0,1,1,0
12031,0,0,0,0,0,0
12032,0,0,0,0,0,0
12033,1,1,0,1,1,0
12034,2,1,1,3,2,1
12035,1,1,0,1,1,0
12036,1,1,0,1,1,0
12037,0,0,0,0,0,0
12038,2,0,2,2,0,2
12039,2,1,1,2,1,1
12040,1,1,0,1,1,0
12041,0,0,0,0,0,0
12042,1,1,0,1,1,0
12043,0,0,0,0,0,0
12044,1,1,0,1,1,0
12045,1,1,0,1,1,0
12046,2,1,1,2,1,1
12047,0,0,0,0,0,0
12048,1,1,0,1,1,0
12049,1,1,0,1,1,0
12050,1,1,0,2,1,1
12051,1,1,0,1,1,0
12052,1,1,0,1,1,0
12053,1,1,0,1,1,0
12054,0,0,0,1,0,1
12055,2,2,0,2,2,0
12056,1,0,1,1,1,0
12057,1,1,0,1,1,0
12058,1,1,0,1,1,0
12059,1,1,0,1,1,0
12060,0,0,0,0,0,0
12061,2,1,1,2,1,1
12062,2,1,1,2,1,1
12063,0,0,0,0,0,0
12064,0,0,0,0,0,0
12065,1,1,0,1,1,0
12066,1,1,0,1,1,0
12067,1,1,0,1,1,0
12068,0,0,0,1,0,1
12069,0,0,0,0,0,0
12070,1,0,1,1,0,1
12071,2,1,1,2,1,1
12072,0,0,0,0,0,0
12073,1,1,0,1,1,0
12074,0,0,0,0,0,0
12075,1,1,0,1,1,0
12076,0,0,0,0,0,0
12077,1,1,0,1,1,0
12078,0,0,0,0,0,0
12079,2,1,1,2,1,1
12080,0,0,0,0,0,0
12081,0,0,0,0,0,0
12082,NA,NA,NA,NA,NA,NA
12083,NA,NA,NA,NA,NA,NA
12084,NA,NA,NA,NA,NA,NA
12085,NA,NA,NA,NA,NA,NA
13001,1,1,0,1,1,0
13002,1,1,0,2,0,2
13003,3,3,0,3,3,0
13004,1,1,0,1,1,0
13005,2,1,1,2,1,1
13006,2,1,1,2,1,1
13007,2,2,0,2,2,0
13008,3,3,0,3,3,0
13009,1,1,0,1,1,0
13010,1,1,0,1,0,1
13011,2,2,0,2,2,0
13012,1,1,0,1,1,0
13013,2,1,1,2,1,1
13014,1,1,0,1,1,0
13015,2,1,1,2,1,1
13016,1,1,0,1,1,0
13017,1,0,1,0,0,0
13018,2,1,1,2,1,1
13019,1,1,0,1,1,0
13020,1,1,0,1,1,0
13021,1,1,0,0,0,0
13022,2,2,0,3,3,0
13023,1,1,0,1,1,0
13024,1,1,0,1,1,0
13025,1,1,0,1,1,0
13026,1,0,1,1,0,1
13027,1,0,1,1,0,1
13028,1,1,0,1,1,0
13029,2,2,0,2,2,0
13030,1,1,0,1,1,0
13031,1,1,0,1,1,0
13032,0,0,0,1,1,0
13033,1,1,0,1,1,0
13034,1,0,1,1,0,1
13035,1,1,0,1,1,0
13036,1,1,0,1,1,0
13037,2,1,1,2,1,1
13038,1,1,0,1,0,1
13039,1,1,0,1,1,0
13040,1,0,1,1,0,1
13041,1,1,0,1,1,0
13042,1,1,0,1,0,1
13043,0,0,0,0,0,0
13044,1,1,0,1,1,0
13045,1,1,0,1,1,0
13046,2,1,1,2,1,1
13047,2,1,1,2,1,1
13048,17,17,0,41,41,0
13049,1,0,1,1,0,1
13050,1,1,0,1,1,0
13051,3,3,0,3,3,0
13052,1,1,0,1,0,1
13053,1,0,1,1,0,1
13054,1,1,0,0,0,0
13055,1,1,0,1,1,0
13056,2,1,1,2,1,1
13057,2,2,0,2,2,0
13058,1,1,0,1,1,0
13059,1,1,0,1,1,0
13060,1,0,1,1,0,1
13061,1,1,0,1,0,1
13062,1,0,1,1,0,1
13063,4,3,1,3,2,1
13064,1,1,0,1,1,0
13065,1,1,0,1,1,0
13066,1,1,0,1,1,0
13067,1,1,0,1,0,1
13068,1,1,0,1,1,0
13069,13,13,0,13,13,0
13070,1,1,0,1,1,0
13071,1,1,0,1,1,0
13072,1,1,0,1,1,0
13073,2,2,0,2,2,0
13074,2,1,1,2,1,1
13075,3,2,1,3,2,1
13076,1,1,0,1,1,0
13077,3,3,0,3,3,0
13078,2,1,1,2,1,1
13079,1,1,0,1,1,0
13080,1,1,0,1,1,0
13081,1,1,0,1,0,1
13082,2,1,1,2,1,1
13083,3,2,1,3,2,1
13084,1,1,0,1,1,0
14001,2,2,0,2,2,0
14002,3,3,0,3,3,0
14003,2,1,1,3,2,1
14004,1,1,0,2,2,0
14005,1,1,0,1,1,0
14006,2,2,0,3,3,0
14007,1,1,0,1,1,0
14008,6,5,1,7,6,1
14009,1,1,0,1,1,0
14010,1,1,0,1,1,0
14011,2,1,1,2,1,1
14012,1,1,0,1,1,0
14013,4,3,1,4,3,1
14014,1,1,0,1,1,0
14015,3,3,0,7,6,1
14016,2,2,0,2,2,0
14017,1,1,0,3,1,2
14018,2,2,0,2,2,0
14019,1,1,0,1,1,0
14020,1,1,0,2,2,0
14021,2,2,0,2,2,0
14022,1,1,0,1,1,0
14023,6,6,0,2,2,0
14024,1,1,0,2,2,0
14025,1,1,0,1,1,0
14026,1,1,0,1,1,0
14027,2,2,0,0,0,0
14028,1,1,0,1,1,0
14029,1,1,0,1,1,0
14030,3,2,1,3,2,1
14031,1,1,0,1,1,0
14032,1,1,0,0,0,0
14033,2,2,0,2,2,0
14034,1,1,0,1,1,0
14035,2,2,0,2,2,0
14036,2,2,0,2,2,0
14037,2,2,0,2,2,0
14038,1,1,0,2,2,0
14039,62,39,23,312,289,23
14040,1,1,0,2,2,0
14041,1,1,0,1,1,0
14042,1,1,0,1,1,0
14043,1,1,0,1,1,0
14044,3,2,1,3,2,1
14045,3,3,0,3,3,0
14046,3,3,0,3,3,0
14047,1,1,0,2,2,0
14048,2,2,0,2,2,0
14049,1,1,0,1,1,0
14050,1,1,0,3,3,0
14051,2,1,1,3,1,2
14052,1,1,0,1,1,0
14053,2,2,0,2,2,0
14054,1,1,0,1,1,0
14055,2,2,0,2,2,0
14056,1,1,0,1,1,0
14057,1,1,0,1,1,0
14058,1,1,0,0,0,0
14059,2,2,0,2,2,0
14060,1,1,0,0,0,0
14061,1,1,0,1,1,0
14062,1,1,0,1,1,0
14063,3,2,1,3,2,1
14064,1,1,0,1,1,0
14065,1,1,0,1,1,0
14066,2,2,0,6,6,0
14067,6,6,0,32,32,0
14068,2,2,0,2,2,0
14069,1,1,0,1,1,0
14070,3,2,1,5,4,1
14071,1,1,0,1,1,0
14072,1,1,0,1,1,0
14073,2,2,0,2,2,0
14074,1,1,0,1,1,0
14075,1,1,0,1,1,0
14076,1,1,0,1,1,0
14077,2,2,0,0,0,0
14078,1,1,0,1,1,0
14079,2,2,0,2,2,0
14080,2,2,0,2,2,0
14081,1,1,0,1,1,0
14082,1,1,0,1,1,0
14083,6,4,2,6,4,2
14084,2,2,0,4,4,0
14085,2,2,0,2,2,0
14086,2,1,1,2,1,1
14087,1,1,0,1,1,0
14088,1,1,0,1,1,0
14089,1,1,0,1,1,0
14090,1,1,0,1,1,0
14091,2,2,0,2,2,0
14092,1,1,0,1,1,0
14093,5,5,0,20,19,1
14094,2,2,0,2,1,1
14095,1,1,0,1,1,0
14096,4,3,1,5,4,1
14097,20,20,0,20,20,0
14098,17,16,1,66,65,1
14099,1,1,0,1,1,0
14100,2,2,0,2,2,0
14101,10,10,0,10,10,0
14102,2,1,1,2,1,1
14103,2,2,0,2,2,0
14104,2,2,0,0,0,0
14105,2,2,0,5,5,0
14106,1,1,0,1,1,0
14107,1,1,0,1,1,0
14108,1,1,0,2,2,0
14109,2,1,1,0,0,0
14110,2,1,1,2,1,1
14111,1,1,0,3,2,1
14112,1,1,0,1,1,0
14113,1,1,0,1,1,0
14114,3,2,1,3,2,1
14115,1,1,0,1,1,0
14116,1,1,0,8,7,1
14117,1,1,0,1,1,0
14118,2,1,1,2,1,1
14119,1,1,0,2,2,0
14120,120,120,0,218,218,0
14121,2,2,0,2,2,0
14122,1,1,0,2,2,0
14123,2,1,1,2,1,1
14124,5,4,1,3,2,1
14125,2,1,1,2,1,1
15001,1,1,0,1,1,0
15002,2,2,0,2,2,0
15003,2,2,0,0,0,0
15004,1,1,0,1,1,0
15005,1,1,0,1,1,0
15006,2,2,0,1,0,1
15007,1,1,0,0,0,0
15008,1,1,0,1,1,0
15009,12,3,9,12,3,9
15010,3,2,1,3,2,1
15011,1,1,0,0,0,0
15012,2,2,0,2,2,0
15013,15,15,0,29,29,0
15014,1,1,0,1,1,0
15015,1,1,0,1,1,0
15016,2,1,1,2,1,1
15017,4,1,3,4,1,3
15018,2,2,0,2,2,0
15019,3,3,0,1,1,0
15020,3,3,0,6,6,0
15021,1,1,0,1,1,0
15022,1,1,0,1,1,0
15023,1,1,0,1,1,0
15024,4,4,0,4,4,0
15025,3,3,0,3,3,0
15026,3,1,2,1,0,1
15027,2,2,0,4,2,2
15028,1,1,0,1,1,0
15029,3,3,0,11,11,0
15030,1,1,0,1,1,0
15031,40,40,0,40,40,0
15032,1,1,0,1,1,0
15033,100,2,98,100,0,100
15034,1,1,0,1,1,0
15035,5,5,0,4,4,0
15036,2,2,0,2,2,0
15037,117,17,100,117,17,100
15038,1,1,0,2,2,0
15039,17,17,0,48,48,0
15040,1,1,0,2,2,0
15041,1,1,0,1,1,0
15042,1,1,0,16,16,0
15043,2,2,0,2,2,0
15044,1,1,0,1,1,0
15045,2,2,0,0,0,0
15046,2,1,1,2,1,1
15047,1,1,0,1,1,0
15048,2,1,1,2,1,1
15049,0,0,0,0,0,0
15050,2,1,1,2,1,1
15051,3,3,0,1,0,1
15052,2,2,0,2,2,0
15053,10,10,0,10,10,0
15054,6,6,0,24,24,0
15055,1,1,0,1,1,0
15056,1,0,1,1,0,1
15057,2,2,0,2,2,0
15058,252,2,250,326,76,250
15059,1,1,0,2,1,1
15060,6,6,0,6,6,0
15061,2,1,1,2,1,1
15062,3,2,1,3,2,1
15063,NA,NA,NA,NA,NA,NA
15064,1,1,0,2,0,2
15065,1,1,0,1,1,0
15066,0,0,0,0,0,0
15067,1,1,0,0,0,0
15068,2,1,1,2,1,1
15069,1,1,0,1,1,0
15070,4,4,0,4,4,0
15071,2,2,0,2,2,0
15072,1,1,0,1,1,0
15073,1,1,0,1,1,0
15074,1,1,0,0,0,0
15075,2,2,0,2,2,0
15076,2,1,1,2,1,1
15077,1,1,0,1,1,0
15078,1,1,0,1,1,0
15079,1,1,0,1,1,0
15080,1,1,0,1,1,0
15081,1,1,0,35,0,35
15082,1,1,0,1,1,0
15083,1,1,0,1,1,0
15084,3,2,1,3,2,1
15085,2,1,1,2,1,1
15086,1,1,0,1,1,0
15087,3,2,1,3,2,1
15088,1,1,0,1,1,0
15089,1,1,0,1,1,0
15090,2,2,0,4,4,0
15091,2,2,0,2,2,0
15092,1,1,0,1,0,1
15093,1,1,0,1,1,0
15094,1,1,0,1,1,0
15095,2,2,0,6,4,2
15096,2,1,1,2,1,1
15097,1,1,0,1,1,0
15098,1,1,0,0,0,0
15099,2,2,0,2,2,0
15100,1,1,0,1,1,0
15101,2,2,0,2,2,0
15102,1,1,0,1,1,0
15103,6,1,5,1,1,0
15104,221,51,170,221,51,170
15105,1,1,0,0,0,0
15106,57,57,0,57,57,0
15107,2,2,0,2,2,0
15108,45,4,41,45,4,41
15109,30,28,2,15,13,2
15110,2,2,0,10,10,0
15111,1,1,0,1,1,0
15112,2,2,0,2,2,0
15113,1,1,0,1,1,0
15114,1,1,0,0,0,0
15115,1,1,0,0,0,0
15116,1,1,0,1,1,0
15117,0,0,0,0,0,0
15118,2,2,0,2,2,0
15119,1,1,0,1,1,0
15120,2,1,1,2,1,1
15121,15,15,0,8,8,0
15122,4,4,0,4,4,0
15123,1,1,0,1,1,0
15124,4,3,1,4,3,1
15125,1,1,0,1,1,0
16001,1,1,0,1,1,0
16002,0,0,0,0,0,0
16003,1,1,0,0,0,0
16004,1,1,0,1,1,0
16005,1,0,1,0,0,0
16006,2,2,0,2,2,0
16007,1,0,1,1,0,1
16008,NA,NA,NA,NA,NA,NA
16009,1,1,0,0,0,0
16010,NA,NA,NA,NA,NA,NA
16011,1,1,0,0,0,0
16012,1,1,0,1,1,0
16013,1,1,0,1,0,1
16014,1,1,0,1,1,0
16015,1,0,1,1,0,1
16016,1,1,0,1,1,0
16017,1,1,0,1,1,0
16018,1,1,0,1,1,0
16019,1,1,0,1,1,0
16020,1,1,0,1,1,0
16021,0,0,0,0,0,0
16022,2,1,1,2,1,1
16023,1,1,0,1,1,0
16024,1,1,0,1,1,0
16025,1,1,0,1,1,0
16026,0,0,0,0,0,0
16027,1,1,0,1,1,0
16028,1,1,0,1,1,0
16029,0,0,0,0,0,0
16030,1,1,0,1,1,0
16031,1,1,0,1,1,0
16032,1,1,0,2,2,0
16033,1,0,1,1,0,1
16034,7,6,1,7,6,1
16035,1,1,0,1,1,0
16036,1,1,0,1,1,0
16037,0,0,0,1,1,0
16038,1,1,0,1,1,0
16039,1,1,0,1,1,0
16040,2,1,1,2,1,1
16041,3,2,1,3,2,1
16042,1,1,0,1,1,0
16043,2,2,0,6,6,0
16044,1,1,0,1,1,0
16045,1,1,0,1,1,0
16046,2,1,1,2,1,1
16047,1,1,0,1,1,0
16048,1,1,0,1,1,0
16049,1,1,0,1,1,0
16050,2,2,0,3,3,0
16051,ND,ND,ND,ND,ND,ND
16052,3,3,0,3,3,0
16053,1,1,0,80,80,0
16054,1,1,0,1,1,0
16055,1,0,1,1,0,1
16056,2,2,0,0,0,0
16057,1,1,0,0,0,0
16058,1,1,0,1,1,0
16059,1,1,0,0,0,0
16060,1,1,0,1,1,0
16061,1,1,0,1,1,0
16062,1,1,0,1,1,0
16063,1,1,0,1,1,0
16064,0,0,0,0,0,0
16065,1,1,0,0,0,0
16066,2,2,0,0,0,0
16067,1,1,0,1,1,0
16068,1,1,0,1,1,0
16069,4,3,1,4,3,1
16070,1,1,0,1,1,0
16071,1,1,0,1,1,0
16072,1,1,0,1,1,0
16073,1,1,0,1,1,0
16074,2,2,0,2,2,0
16075,1,1,0,5,5,0
16076,2,2,0,2,2,0
16077,3,3,0,3,3,0
16078,1,1,0,2,1,1
16079,1,1,0,1,1,0
16080,1,1,0,1,1,0
16081,1,1,0,1,1,0
16082,2,2,0,2,2,0
16083,3,2,1,3,2,1
16084,1,1,0,1,1,0
16085,2,1,1,2,1,1
16086,1,1,0,1,1,0
16087,1,1,0,1,1,0
16088,5,3,2,22,19,3
16089,1,1,0,1,1,0
16090,1,0,1,1,0,1
16091,1,1,0,1,1,0
16092,1,0,1,1,0,1
16093,1,1,0,0,0,0
16094,1,1,0,1,1,0
16095,1,1,0,1,1,0
16096,1,0,1,1,0,1
16097,2,2,0,2,2,0
16098,1,1,0,0,0,0
16099,1,1,0,1,1,0
16100,1,1,0,2,2,0
16101,1,1,0,1,1,0
16102,2,1,1,2,1,1
16103,1,1,0,1,1,0
16104,1,1,0,0,0,0
16105,1,1,0,1,1,0
16106,1,1,0,1,1,0
16107,2,2,0,2,2,0
16108,1,1,0,1,1,0
16109,1,1,0,1,1,0
16110,2,2,0,2,2,0
16111,1,1,0,1,1,0
16112,2,2,0,0,0,0
16113,1,1,0,1,1,0
17001,1,1,0,0,0,0
17002,2,1,1,2,1,1
17003,2,2,0,2,2,0
17004,2,2,0,2,2,0
17005,1,1,0,0,0,0
17006,9,6,3,9,6,3
17007,17,17,0,40,40,0
17008,1,1,0,1,1,0
17009,2,2,0,2,2,0
17010,3,2,1,3,2,1
17011,6,6,0,6,6,0
17012,1,1,0,1,1,0
17013,2,2,0,0,0,0
17014,1,1,0,1,1,0
17015,1,1,0,1,1,0
17016,1,1,0,1,1,0
17017,1,1,0,1,1,0
17018,3,3,0,3,3,0
17019,1,1,0,1,1,0
17020,2,2,0,2,2,0
17021,2,2,0,2,2,0
17022,2,2,0,2,2,0
17023,1,1,0,1,1,0
17024,2,1,1,1,1,0
17025,1,1,0,1,1,0
17026,1,0,1,1,0,1
17027,1,1,0,0,0,0
17028,4,4,0,4,4,0
17029,2,2,0,2,2,0
17030,2,1,1,2,1,1
17031,NA,NA,NA,NA,NA,NA
17032,2,2,0,2,2,0
17033,1,1,0,1,1,0
17034,1,1,0,1,1,0
17035,NA,NA,NA,NA,NA,NA
17036,1,1,0,0,0,0
18001,2,2,0,2,2,0
18002,1,1,0,1,1,0
18003,1,1,0,2,1,1
18004,1,1,0,1,1,0
18005,1,1,0,1,1,0
18006,2,2,0,2,2,0
18007,1,1,0,1,1,0
18008,1,1,0,1,1,0
18009,0,0,0,0,0,0
18010,1,1,0,1,1,0
18011,1,1,0,1,1,0
18012,1,1,0,1,1,0
18013,1,1,0,1,1,0
18014,1,1,0,1,1,0
18015,2,1,1,2,1,1
18016,1,1,0,1,1,0
18017,26,26,0,12,12,0
18018,1,1,0,0,0,0
18019,2,1,1,2,1,1
18020,4,4,0,4,4,0
19001,NSS,NSS,NSS,NSS,NSS,NSS
19002,NA,NA,NA,NA,NA,NA
19003,1,1,0,2,2,0
19004,7,6,1,7,6,1
19005,1,1,0,1,1,0
19006,38,1,37,38,1,37
19007,0,0,0,2,1,1
19008,2,2,0,2,2,0
19009,3,3,0,3,3,0
19010,1,1,0,1,1,0
19011,2,1,1,2,1,1
19012,0,0,0,2,0,2
19013,1,1,0,2,2,0
19014,1,1,0,1,1,0
19015,NA,NA,NA,NA,NA,NA
19016,2,1,1,2,1,1
19017,1,1,0,1,1,0
19018,34,4,30,60,30,30
19019,1,1,0,5,5,0
19020,0,0,0,1,1,0
19021,NSS,NSS,NSS,NSS,NSS,NSS
19022,1,1,0,1,1,0
19023,NA,NA,NA,NA,NA,NA
19024,1,1,0,1,1,0
19025,1,1,0,1,1,0
19026,50,50,0,69,69,0
19027,1,1,0,1,1,0
19028,1,1,0,1,1,0
19029,1,1,0,1,1,0
19030,2,1,1,2,1,1
19031,5,5,0,15,15,0
19032,1,1,0,1,1,0
19033,7,5,2,10,9,1
19034,2,2,0,2,2,0
19035,1,1,0,1,1,0
19036,1,1,0,1,1,0
19037,1,1,0,1,1,0
19038,3,3,0,8,8,0
19039,119,119,0,119,119,0
19040,NA,NA,NA,NA,NA,NA
19041,1,1,0,1,1,0
19042,2,1,1,2,1,1
19043,1,1,0,0,0,0
19044,5,5,0,7,7,0
19045,2,2,0,2,2,0
19046,61,61,0,61,61,0
19047,1,1,0,0,0,0
19048,29,29,0,29,29,0
19049,20,8,12,20,8,12
19050,NA,NA,NA,NA,NA,NA
19051,2,1,1,9,1,8
20001,0,0,0,0,0,0
20002,0,0,0,1,1,0
20003,0,0,0,0,0,0
20004,1,1,0,1,0,1
20005,1,1,0,1,1,0
20006,0,0,0,0,0,0
20007,0,0,0,0,0,0
20008,0,0,0,0,0,0
20009,0,0,0,0,0,0
20010,1,1,0,1,1,0
20011,0,0,0,0,0,0
20012,0,0,0,0,0,0
20013,1,1,0,1,1,0
20014,1,1,0,1,1,0
20015,0,0,0,0,0,0
20016,0,0,0,0,0,0
20017,0,0,0,0,0,0
20018,0,0,0,0,0,0
20019,0,0,0,0,0,0
20020,0,0,0,0,0,0
20021,0,0,0,0,0,0
20022,0,0,0,0,0,0
20023,2,2,0,2,2,0
20024,0,0,0,0,0,0
20025,0,0,0,1,0,1
20026,1,0,1,1,0,1
20027,0,0,0,0,0,0
20028,1,0,1,1,0,1
20029,0,0,0,0,0,0
20030,1,1,0,1,1,0
20031,0,0,0,0,0,0
20032,0,0,0,0,0,0
20033,1,0,1,1,0,1
20034,0,0,0,0,0,0
20035,1,1,0,1,1,0
20036,0,0,0,0,0,0
20037,1,1,0,1,1,0
20038,0,0,0,0,0,0
20039,1,1,0,1,1,0
20040,0,0,0,0,0,0
20041,0,0,0,1,0,1
20042,0,0,0,0,0,0
20043,1,1,0,1,1,0
20044,0,0,0,0,0,0
20045,1,1,0,1,1,0
20046,0,0,0,0,0,0
20047,0,0,0,0,0,0
20048,0,0,0,0,0,0
20049,0,0,0,0,0,0
20050,0,0,0,0,0,0
20051,0,0,0,1,0,1
20052,1,1,0,1,1,0
20053,0,0,0,0,0,0
20054,0,0,0,0,0,0
20055,0,0,0,0,0,0
20056,1,1,0,0,0,0
20057,1,1,0,1,1,0
20058,0,0,0,0,0,0
20059,1,1,0,1,1,0
20060,0,0,0,0,0,0
20061,0,0,0,0,0,0
20062,0,0,0,0,0,0
20063,0,0,0,0,0,0
20064,1,0,1,1,0,1
20065,0,0,0,0,0,0
20066,1,0,1,1,0,1
20067,6,6,0,36,31,5
20068,1,0,1,1,0,1
20069,0,0,0,0,0,0
20070,1,1,0,0,0,0
20071,1,1,0,1,1,0
20072,0,0,0,0,0,0
20073,4,3,1,4,3,1
20074,0,0,0,0,0,0
20075,1,0,1,1,0,1
20076,1,1,0,1,1,0
20077,0,0,0,0,0,0
20078,0,0,0,0,0,0
20079,2,2,0,5,2,3
20080,0,0,0,0,0,0
20081,0,0,0,0,0,0
20082,0,0,0,0,0,0
20083,1,1,0,1,1,0
20084,0,0,0,0,0,0
20085,0,0,0,0,0,0
20086,0,0,0,0,0,0
20087,1,0,1,1,0,1
20088,0,0,0,0,0,0
20089,0,0,0,0,0,0
20090,0,0,0,0,0,0
20091,2,1,1,2,1,1
20092,1,0,1,1,0,1
20093,0,0,0,0,0,0
20094,0,0,0,0,0,0
20095,0,0,0,0,0,0
20096,0,0,0,0,0,0
20097,0,0,0,0,0,0
20098,0,0,0,0,0,0
20099,0,0,0,0,0,0
20100,0,0,0,0,0,0
20101,0,0,0,0,0,0
20102,0,0,0,0,0,0
20103,1,1,0,1,1,0
20104,0,0,0,0,0,0
20105,0,0,0,0,0,0
20106,0,0,0,0,0,0
20107,1,0,1,1,0,1
20108,0,0,0,0,0,0
20109,0,0,0,0,0,0
20110,0,0,0,0,0,0
20111,0,0,0,0,0,0
20112,0,0,0,0,0,0
20113,0,0,0,0,0,0
20114,0,0,0,0,0,0
20115,0,0,0,0,0,0
20116,0,0,0,0,0,0
20117,0,0,0,0,0,0
20118,1,0,1,1,0,1
20119,0,0,0,0,0,0
20120,0,0,0,0,0,0
20121,0,0,0,0,0,0
20122,0,0,0,0,0,0
20123,0,0,0,0,0,0
20124,1,0,1,1,0,1
20125,0,0,0,0,0,0
20126,0,0,0,0,0,0
20127,1,1,0,1,1,0
20128,1,1,0,1,1,0
20129,1,0,1,1,0,1
20130,1,0,1,1,0,1
20131,1,0,1,1,0,1
20132,1,1,0,1,1,0
20133,0,0,0,0,0,0
20134,1,1,0,1,1,0
20135,0,0,0,0,0,0
20136,1,1,0,1,1,0
20137,0,0,0,0,0,0
20138,1,1,0,1,1,0
20139,0,0,0,0,0,0
20140,0,0,0,0,0,0
20141,0,0,0,1,0,1
20142,0,0,0,0,0,0
20143,1,0,1,1,0,1
20144,0,0,0,0,0,0
20145,1,0,1,1,0,1
20146,0,0,0,0,0,0
20147,0,0,0,0,0,0
20148,0,0,0,0,0,0
20149,0,0,0,0,0,0
20150,1,0,1,1,0,1
20151,0,0,0,0,0,0
20152,0,0,0,0,0,0
20153,0,0,0,0,0,0
20154,1,1,0,1,1,0
20155,0,0,0,0,0,0
20156,1,1,0,1,1,0
20157,1,1,0,1,1,0
20158,0,0,0,0,0,0
20159,0,0,0,0,0,0
20160,1,1,0,1,1,0
20161,0,0,0,0,0,0
20162,0,0,0,0,0,0
20163,0,0,0,0,0,0
20164,0,0,0,0,0,0
20165,0,0,0,0,0,0
20166,1,1,0,1,1,0
20167,0,0,0,0,0,0
20168,0,0,0,0,0,0
20169,0,0,0,0,0,0
20170,0,0,0,0,0,0
20171,0,0,0,0,0,0
20172,0,0,0,0,0,0
20173,0,0,0,0,0,0
20174,1,1,0,1,1,0
20175,0,0,0,0,0,0
20176,1,0,1,1,0,1
20177,1,0,1,1,0,1
20178,0,0,0,0,0,0
20179,0,0,0,0,0,0
20180,1,1,0,0,0,0
20181,0,0,0,0,0,0
20182,0,0,0,0,0,0
20183,0,0,0,0,0,0
20184,1,1,0,1,1,0
20185,1,1,0,0,0,0
20186,0,0,0,0,0,0
20187,0,0,0,0,0,0
20188,1,1,0,0,0,0
20189,0,0,0,0,0,0
20190,0,0,0,0,0,0
20191,0,0,0,0,0,0
20192,0,0,0,0,0,0
20193,0,0,0,0,0,0
20194,0,0,0,0,0,0
20195,0,0,0,0,0,0
20196,0,0,0,0,0,0
20197,0,0,0,0,0,0
20198,1,0,1,1,0,1
20199,0,0,0,0,0,0
20200,0,0,0,0,0,0
20201,0,0,0,0,0,0
20202,1,0,1,1,0,1
20203,0,0,0,0,0,0
20204,0,0,0,0,0,0
20205,NA,NA,NA,NA,NA,NA
20206,0,0,0,0,0,0
20207,NA,NA,NA,NA,NA,NA
20208,0,0,0,0,0,0
20209,0,0,0,0,0,0
20210,0,0,0,0,0,0
20211,0,0,0,0,0,0
20212,0,0,0,0,0,0
20213,0,0,0,0,0,0
20214,0,0,0,0,0,0
20215,0,0,0,0,0,0
20216,0,0,0,0,0,0
20217,0,0,0,0,0,0
20218,0,0,0,0,0,0
20219,1,1,0,1,1,0
20220,1,0,1,1,0,1
20221,0,0,0,0,0,0
20222,0,0,0,0,0,0
20223,0,0,0,0,0,0
20224,0,0,0,0,0,0
20225,0,0,0,0,0,0
20226,0,0,0,0,0,0
20227,1,1,0,1,1,0
20228,0,0,0,0,0,0
20229,1,1,0,1,1,0
20230,0,0,0,0,0,0
20231,0,0,0,0,0,0
20232,1,0,1,1,0,1
20233,0,0,0,0,0,0
20234,0,0,0,0,0,0
20235,0,0,0,0,0,0
20236,0,0,0,0,0,0
20237,1,1,0,1,1,0
20238,0,0,0,0,0,0
20239,0,0,0,0,0,0
20240,0,0,0,0,0,0
20241,0,0,0,0,0,0
20242,NA,NA,NA,NA,NA,NA
20243,0,0,0,0,0,0
20244,0,0,0,0,0,0
20245,0,0,0,0,0,0
20246,0,0,0,0,0,0
20247,0,0,0,0,0,0
20248,1,1,0,1,1,0
20249,0,0,0,0,0,0
20250,0,0,0,0,0,0
20251,0,0,0,0,0,0
20252,0,0,0,0,0,0
20253,0,0,0,0,0,0
20254,0,0,0,0,0,0
20255,0,0,0,0,0,0
20256,0,0,0,0,0,0
20257,0,0,0,0,0,0
20258,0,0,0,0,0,0
20259,0,0,0,0,0,0
20260,0,0,0,0,0,0
20261,2,0,2,1,0,1
20262,0,0,0,0,0,0
20263,0,0,0,0,0,0
20264,0,0,0,0,0,0
20265,0,0,0,0,0,0
20266,0,0,0,0,0,0
20267,1,1,0,1,1,0
20268,0,0,0,0,0,0
20269,0,0,0,0,0,0
20270,0,0,0,0,0,0
20271,0,0,0,0,0,0
20272,0,0,0,0,0,0
20273,0,0,0,0,0,0
20274,0,0,0,0,0,0
20275,0,0,0,0,0,0
20276,0,0,0,0,0,0
20277,0,0,0,0,0,0
20278,0,0,0,0,0,0
20279,1,1,0,2,1,1
20280,0,0,0,0,0,0
20281,0,0,0,0,0,0
20282,0,0,0,0,0,0
20283,0,0,0,0,0,0
20284,0,0,0,0,0,0
20285,1,0,1,0,0,0
20286,1,1,0,1,1,0
20287,0,0,0,0,0,0
20288,0,0,0,0,0,0
20289,0,0,0,0,0,0
20290,0,0,0,0,0,0
20291,0,0,0,0,0,0
20292,1,1,0,1,1,0
20293,1,1,0,2,1,1
20294,1,1,0,2,1,1
20295,1,0,1,1,0,1
20296,0,0,0,0,0,0
20297,0,0,0,0,0,0
20298,1,1,0,1,1,0
20299,0,0,0,0,0,0
20300,1,1,0,1,1,0
20301,1,1,0,1,1,0
20302,0,0,0,0,0,0
20303,0,0,0,0,0,0
20304,0,0,0,0,0,0
20305,0,0,0,0,0,0
20306,0,0,0,0,0,0
20307,1,1,0,1,1,0
20308,1,0,1,1,0,1
20309,1,0,1,1,0,1
20310,1,1,0,1,1,0
20311,0,0,0,0,0,0
20312,1,1,0,0,0,0
20313,0,0,0,0,0,0
20314,0,0,0,0,0,0
20315,0,0,0,0,0,0
20316,0,0,0,0,0,0
20317,NA,NA,NA,NA,NA,NA
20318,2,1,1,2,1,1
20319,NA,NA,NA,NA,NA,NA
20320,0,0,0,0,0,0
20321,0,0,0,0,0,0
20322,NA,NA,NA,NA,NA,NA
20323,0,0,0,0,0,0
20324,1,1,0,1,1,0
20325,1,1,0,1,1,0
20326,0,0,0,0,0,0
20327,0,0,0,0,0,0
20328,0,0,0,0,0,0
20329,0,0,0,0,0,0
20330,0,0,0,0,0,0
20331,0,0,0,0,0,0
20332,0,0,0,0,0,0
20333,1,1,0,1,1,0
20334,0,0,0,0,0,0
20335,0,0,0,0,0,0
20336,0,0,0,0,0,0
20337,0,0,0,0,0,0
20338,1,1,0,1,1,0
20339,1,1,0,1,1,0
20340,1,1,0,1,1,0
20341,0,0,0,0,0,0
20342,NA,NA,NA,NA,NA,NA
20343,2,1,1,2,1,1
20344,0,0,0,0,0,0
20345,1,1,0,0,0,0
20346,1,1,0,1,1,0
20347,0,0,0,0,0,0
20348,0,0,0,1,0,1
20349,1,0,1,1,1,0
20350,1,1,0,1,1,0
20351,0,0,0,0,0,0
20352,0,0,0,0,0,0
20353,0,0,0,0,0,0
20354,0,0,0,0,0,0
20355,0,0,0,0,0,0
20356,1,1,0,2,2,0
20357,0,0,0,0,0,0
20358,0,0,0,0,0,0
20359,1,1,0,1,1,0
20360,0,0,0,0,0,0
20361,0,0,0,0,0,0
20362,1,1,0,1,1,0
20363,1,1,0,1,1,0
20364,1,1,0,1,1,0
20365,0,0,0,0,0,0
20366,0,0,0,0,0,0
20367,0,0,0,0,0,0
20368,1,0,1,1,0,1
20369,1,1,0,1,1,0
20370,0,0,0,0,0,0
20371,0,0,0,0,0,0
20372,0,0,0,0,0,0
20373,0,0,0,0,0,0
20374,0,0,0,0,0,0
20375,1,1,0,1,1,0
20376,0,0,0,0,0,0
20377,0,0,0,0,0,0
20378,0,0,0,0,0,0
20379,0,0,0,0,0,0
20380,0,0,0,0,0,0
20381,0,0,0,0,0,0
20382,0,0,0,0,0,0
20383,0,0,0,0,0,0
20384,0,0,0,0,0,0
20385,2,2,0,5,5,0
20386,0,0,0,0,0,0
20387,1,0,1,1,0,1
20388,0,0,0,0,0,0
20389,0,0,0,0,0,0
20390,2,2,0,2,2,0
20391,0,0,0,0,0,0
20392,0,0,0,0,0,0
20393,2,0,2,2,0,2
20394,0,0,0,0,0,0
20395,0,0,0,0,0,0
20396,0,0,0,0,0,0
20397,3,1,2,3,1,2
20398,2,0,2,2,0,2
20399,3,3,0,3,3,0
20400,1,1,0,1,0,1
20401,0,0,0,1,0,1
20402,0,0,0,0,0,0
20403,1,1,0,1,1,0
20404,0,0,0,0,0,0
20405,0,0,0,0,0,0
20406,0,0,0,0,0,0
20407,0,0,0,0,0,0
20408,0,0,0,0,0,0
20409,1,1,0,1,1,0
20410,0,0,0,0,0,0
20411,0,0,0,0,0,0
20412,0,0,0,0,0,0
20413,2,2,0,2,2,0
20414,0,0,0,0,0,0
20415,0,0,0,0,0,0
20416,0,0,0,0,0,0
20417,1,1,0,1,1,0
20418,1,1,0,1,1,0
20419,0,0,0,0,0,0
20420,0,0,0,0,0,0
20421,1,0,1,1,0,1
20422,0,0,0,0,0,0
20423,0,0,0,0,0,0
20424,0,0,0,0,0,0
20425,0,0,0,0,0,0
20426,1,1,0,1,1,0
20427,1,1,0,1,1,0
20428,0,0,0,0,0,0
20429,0,0,0,0,0,0
20430,0,0,0,0,0,0
20431,0,0,0,0,0,0
20432,0,0,0,0,0,0
20433,0,0,0,0,0,0
20434,0,0,0,0,0,0
20435,0,0,0,0,0,0
20436,1,1,0,0,0,0
20437,0,0,0,0,0,0
20438,0,0,0,0,0,0
20439,1,1,0,1,1,0
20440,0,0,0,0,0,0
20441,1,0,1,1,0,1
20442,0,0,0,0,0,0
20443,0,0,0,0,0,0
20444,0,0,0,0,0,0
20445,0,0,0,0,0,0
20446,0,0,0,0,0,0
20447,2,0,2,2,0,2
20448,0,0,0,0,0,0
20449,0,0,0,0,0,0
20450,0,0,0,0,0,0
20451,0,0,0,0,0,0
20452,1,0,1,1,0,1
20453,0,0,0,0,0,0
20454,0,0,0,0,0,0
20455,0,0,0,0,0,0
20456,1,1,0,1,1,0
20457,0,0,0,0,0,0
20458,1,1,0,1,1,0
20459,1,1,0,1,1,0
20460,0,0,0,0,0,0
20461,0,0,0,0,0,0
20462,1,1,0,1,1,0
20463,0,0,0,0,0,0
20464,0,0,0,0,0,0
20465,0,0,0,0,0,0
20466,0,0,0,0,0,0
20467,1,1,0,1,1,0
20468,0,0,0,0,0,0
20469,0,0,0,0,0,0
20470,1,0,1,1,0,1
20471,0,0,0,0,0,0
20472,1,0,1,1,0,1
20473,0,0,0,0,0,0
20474,1,1,0,0,0,0
20475,1,1,0,1,1,0
20476,0,0,0,0,0,0
20477,0,0,0,0,0,0
20478,0,0,0,0,0,0
20479,0,0,0,0,0,0
20480,0,0,0,0,0,0
20481,0,0,0,0,0,0
20482,1,1,0,1,1,0
20483,1,1,0,1,1,0
20484,0,0,0,0,0,0
20485,0,0,0,0,0,0
20486,1,1,0,1,1,0
20487,1,0,1,1,0,1
20488,0,0,0,0,0,0
20489,0,0,0,0,0,0
20490,0,0,0,0,0,0
20491,0,0,0,0,0,0
20492,0,0,0,0,0,0
20493,0,0,0,0,0,0
20494,0,0,0,0,0,0
20495,NSS,NSS,NSS,NSS,NSS,NSS
20496,0,0,0,0,0,0
20497,0,0,0,0,0,0
20498,0,0,0,0,0,0
20499,1,1,0,1,1,0
20500,1,1,0,1,1,0
20501,0,0,0,0,0,0
20502,0,0,0,0,0,0
20503,0,0,0,0,0,0
20504,1,1,0,1,1,0
20505,2,1,1,2,1,1
20506,0,0,0,0,0,0
20507,0,0,0,0,0,0
20508,0,0,0,0,0,0
20509,0,0,0,0,0,0
20510,0,0,0,0,0,0
20511,0,0,0,0,0,0
20512,0,0,0,0,0,0
20513,1,1,0,1,1,0
20514,0,0,0,0,0,0
20515,2,1,1,2,1,1
20516,0,0,0,0,0,0
20517,0,0,0,0,0,0
20518,0,0,0,0,0,0
20519,1,0,1,1,0,1
20520,1,1,0,1,1,0
20521,0,0,0,0,0,0
20522,0,0,0,0,0,0
20523,0,0,0,0,0,0
20524,0,0,0,0,0,0
20525,1,0,1,1,0,1
20526,2,2,0,2,2,0
20527,1,1,0,1,1,0
20528,0,0,0,0,0,0
20529,0,0,0,0,0,0
20530,1,1,0,1,1,0
20531,1,0,1,1,0,1
20532,0,0,0,0,0,0
20533,1,1,0,1,1,0
20534,0,0,0,0,0,0
20535,0,0,0,0,0,0
20536,0,0,0,0,0,0
20537,0,0,0,0,0,0
20538,0,0,0,0,0,0
20539,1,0,1,1,0,1
20540,0,0,0,1,1,0
20541,0,0,0,0,0,0
20542,0,0,0,0,0,0
20543,1,1,0,1,1,0
20544,1,1,0,1,1,0
20545,1,1,0,1,1,0
20546,1,1,0,1,1,0
20547,0,0,0,0,0,0
20548,0,0,0,0,0,0
20549,1,0,1,1,0,1
20550,1,1,0,1,1,0
20551,1,1,0,1,1,0
20552,0,0,0,0,0,0
20553,1,0,1,1,0,1
20554,0,0,0,0,0,0
20555,0,0,0,0,0,0
20556,0,0,0,0,0,0
20557,1,0,1,1,0,1
20558,0,0,0,0,0,0
20559,1,1,0,1,1,0
20560,1,1,0,1,1,0
20561,0,0,0,0,0,0
20562,0,0,0,0,0,0
20563,0,0,0,0,0,0
20564,0,0,0,0,0,0
20565,2,2,0,1,1,0
20566,0,0,0,0,0,0
20567,0,0,0,0,0,0
20568,1,1,0,1,0,1
20569,0,0,0,0,0,0
20570,2,1,1,2,1,1
21001,1,1,0,1,1,0
21002,1,0,1,1,0,1
21003,1,1,0,1,1,0
21004,2,1,1,2,1,1
21005,0,0,0,0,0,0
21006,1,0,1,1,0,1
21007,1,0,1,1,0,1
21008,1,1,0,1,1,0
21009,0,0,0,0,0,0
21010,1,1,0,1,1,0
21011,0,0,0,0,0,0
21012,0,0,0,1,1,0
21013,2,1,1,2,1,1
21014,1,0,1,1,0,1
21015,3,1,2,5,3,2
21016,1,1,0,1,1,0
21017,2,1,1,2,1,1
21018,2,0,2,2,0,2
21019,9,5,4,9,5,4
21020,1,1,0,1,1,0
21021,1,1,0,1,1,0
21022,1,1,0,1,1,0
21023,1,1,0,1,1,0
21024,1,1,0,1,1,0
21025,2,1,1,2,1,1
21026,1,1,0,1,1,0
21027,1,1,0,1,1,0
21028,1,0,1,1,0,1
21029,0,0,0,0,0,0
21030,0,0,0,0,0,0
21031,0,0,0,1,1,0
21032,1,1,0,1,1,0
21033,1,1,0,1,1,0
21034,4,1,3,4,1,3
21035,1,0,1,1,0,1
21036,0,0,0,0,0,0
21037,1,0,1,1,0,1
21038,0,0,0,0,0,0
21039,1,0,1,1,0,1
21040,0,0,0,0,0,0
21041,1,1,0,5,5,0
21042,0,0,0,0,0,0
21043,2,1,1,2,1,1
21044,0,0,0,0,0,0
21045,2,2,0,2,2,0
21046,2,1,1,2,1,1
21047,0,0,0,0,0,0
21048,2,1,1,2,1,1
21049,1,0,1,1,0,1
21050,0,0,0,0,0,0
21051,1,1,0,1,1,0
21052,0,0,0,0,0,0
21053,2,2,0,2,2,0
21054,1,1,0,1,1,0
21055,1,1,0,1,1,0
21056,1,1,0,0,0,0
21057,0,0,0,0,0,0
21058,1,1,0,1,1,0
21059,1,1,0,1,1,0
21060,1,1,0,1,1,0
21061,0,0,0,0,0,0
21062,1,1,0,1,1,0
21063,1,1,0,1,1,0
21064,2,0,2,2,0,2
21065,5,1,4,5,1,4
21066,1,1,0,1,1,0
21067,2,1,1,2,1,1
21068,0,0,0,0,0,0
21069,1,1,0,1,1,0
21070,2,0,2,0,0,0
21071,18,0,18,18,0,18
21072,1,1,0,1,1,0
21073,1,1,0,1,1,0
21074,2,2,0,2,2,0
21075,2,1,1,2,1,1
21076,1,1,0,1,1,0
21077,1,1,0,1,1,0
21078,1,0,1,1,0,1
21079,2,1,1,2,1,1
21080,0,0,0,0,0,0
21081,0,0,0,0,0,0
21082,1,1,0,1,1,0
21083,1,1,0,1,1,0
21084,1,1,0,1,1,0
21085,1,1,0,2,2,0
21086,1,1,0,1,1,0
21087,0,0,0,0,0,0
21088,2,2,0,2,2,0
21089,1,1,0,1,1,0
21090,2,1,1,2,1,1
21091,1,1,0,1,1,0
21092,1,0,1,1,0,1
21093,1,1,0,1,1,0
21094,3,2,1,3,2,1
21095,0,0,0,0,0,0
21096,0,0,0,1,0,1
21097,1,1,0,1,1,0
21098,1,1,0,1,1,0
21099,1,0,1,1,0,1
21100,0,0,0,0,0,0
21101,1,1,0,1,1,0
21102,1,1,0,1,1,0
21103,1,1,0,2,2,0
21104,1,1,0,1,1,0
21105,1,1,0,1,1,0
21106,4,3,1,4,3,1
21107,1,0,1,1,0,1
21108,1,1,0,2,2,0
21109,1,1,0,1,1,0
21110,1,1,0,1,1,0
21111,1,1,0,1,1,0
21112,1,1,0,1,1,0
21113,1,0,1,0,0,0
21114,181,1,180,310,130,180
21115,1,1,0,1,1,0
21116,1,1,0,1,1,0
21117,1,1,0,1,1,0
21118,1,1,0,1,1,0
21119,1,1,0,55,50,5
21120,0,0,0,0,0,0
21121,0,0,0,0,0,0
21122,1,1,0,1,1,0
21123,1,1,0,1,1,0
21124,1,1,0,1,1,0
21125,1,1,0,2,1,1
21126,1,1,0,1,1,0
21127,1,1,0,1,1,0
21128,1,1,0,1,1,0
21129,1,0,1,1,0,1
21130,1,0,1,1,0,1
21131,0,0,0,0,0,0
21132,2,2,0,17,15,2
21133,1,1,0,2,1,1
21134,1,1,0,1,1,0
21135,1,1,0,1,1,0
21136,2,1,1,2,1,1
21137,1,0,1,1,0,1
21138,1,1,0,1,1,0
21139,1,1,0,1,1,0
21140,0,0,0,4,4,0
21141,1,1,0,1,1,0
21142,1,1,0,1,0,1
21143,2,1,1,2,1,1
21144,1,1,0,1,1,0
21145,0,0,0,0,0,0
21146,0,0,0,0,0,0
21147,1,0,1,1,0,1
21148,1,1,0,1,1,0
21149,1,1,0,1,1,0
21150,0,0,0,0,0,0
21151,2,1,1,2,1,1
21152,2,1,1,2,1,1
21153,1,1,0,2,1,1
21154,1,1,0,1,1,0
21155,1,1,0,1,1,0
21156,4,3,1,4,3,1
21157,1,1,0,1,1,0
21158,3,1,2,3,1,2
21159,1,1,0,1,1,0
21160,0,0,0,0,0,0
21161,1,1,0,1,1,0
21162,1,1,0,1,1,0
21163,2,1,1,2,1,1
21164,3,1,2,3,1,2
21165,0,0,0,0,0,0
21166,1,1,0,1,1,0
21167,1,1,0,1,1,0
21168,1,1,0,1,1,0
21169,1,1,0,1,1,0
21170,1,0,1,1,0,1
21171,1,1,0,1,1,0
21172,1,1,0,2,1,1
21173,2,1,1,2,1,1
21174,9,9,0,9,9,0
21175,1,1,0,1,1,0
21176,1,1,0,1,1,0
21177,1,1,0,1,1,0
21178,0,0,0,0,0,0
21179,1,0,1,1,0,1
21180,1,1,0,1,1,0
21181,1,1,0,1,1,0
21182,1,1,0,1,1,0
21183,1,1,0,1,1,0
21184,1,0,1,1,0,1
21185,1,1,0,1,1,0
21186,6,5,1,6,5,1
21187,0,0,0,0,0,0
21188,1,1,0,0,0,0
21189,1,1,0,1,1,0
21190,1,0,1,1,0,1
21191,0,0,0,0,0,0
21192,0,0,0,0,0,0
21193,0,0,0,0,0,0
21194,2,2,0,2,2,0
21195,1,1,0,1,1,0
21196,0,0,0,1,1,0
21197,12,1,11,12,1,11
21198,0,0,0,0,0,0
21199,1,1,0,1,1,0
21200,1,1,0,1,1,0
21201,1,1,0,1,1,0
21202,2,1,1,2,1,1
21203,1,1,0,1,1,0
21204,1,1,0,0,0,0
21205,1,1,0,1,1,0
21206,0,0,0,0,0,0
21207,4,2,2,4,2,2
21208,3,2,1,3,2,1
21209,0,0,0,0,0,0
21210,1,0,1,1,0,1
21211,2,1,1,2,1,1
21212,3,2,1,3,2,1
21213,1,1,0,1,1,0
21214,1,1,0,2,2,0
21215,1,0,1,1,0,1
21216,0,0,0,1,1,0
21217,1,1,0,1,1,0
22001,2,2,0,7,7,0
22002,2,2,0,2,2,0
22003,1,1,0,1,1,0
22004,2,1,1,10,10,0
22005,8,7,1,8,7,1
22006,45,7,38,91,53,38
22007,4,3,1,4,3,1
22008,13,2,11,2,2,0
22009,2,2,0,2,2,0
22010,5,5,0,5,5,0
22011,26,10,16,48,32,16
22012,3,2,1,3,2,1
22013,2,2,0,2,2,0
22014,21,21,0,162,162,0
22015,1,1,0,0,0,0
22016,96,6,90,3,3,0
22017,5,4,1,10,9,1
22018,2,2,0,2,2,0
23001,0,0,0,0,0,0
23002,1,1,0,1,1,0
23003,1,1,0,5,5,0
23004,2,2,0,6,6,0
23005,10,10,0,12,12,0
23006,2,1,1,2,1,1
23007,1,0,1,1,0,1
23008,27,26,1,27,26,1
23009,2,2,0,1,0,1
23010,0,0,0,0,0,0
23011,1,0,1,1,0,1
24001,0,0,0,0,0,0
24002,1,1,0,1,1,0
24003,1,0,1,1,0,1
24004,0,0,0,0,0,0
24005,0,0,0,1,1,0
24006,1,1,0,1,1,0
24007,1,1,0,1,1,0
24008,2,2,0,2,2,0
24009,0,0,0,0,0,0
24010,0,0,0,0,0,0
24011,1,1,0,2,2,0
24012,1,1,0,1,1,0
24013,2,2,0,2,2,0
24014,1,1,0,1,1,0
24015,1,1,0,1,1,0
24016,1,1,0,1,1,0
24017,0,0,0,0,0,0
24018,1,0,1,1,0,1
24019,1,1,0,0,0,0
24020,2,2,0,2,2,0
24021,1,1,0,1,1,0
24022,1,1,0,2,1,1
24023,1,1,0,1,1,0
24024,2,2,0,12,12,0
24025,1,1,0,1,1,0
24026,1,1,0,1,1,0
24027,1,1,0,1,1,0
24028,10,10,0,287,87,200
24029,1,1,0,1,1,0
24030,NA,NA,NA,NA,NA,NA
24031,1,1,0,0,0,0
24032,0,0,0,2,2,0
24033,1,0,1,1,0,1
24034,1,0,1,1,0,1
24035,6,3,3,12,9,3
24036,1,1,0,1,1,0
24037,1,1,0,1,1,0
24038,1,0,1,1,0,1
24039,1,1,0,1,1,0
24040,1,1,0,1,1,0
24041,1,1,0,1,1,0
24042,1,0,1,1,0,1
24043,1,1,0,1,0,1
24044,0,0,0,1,0,1
24045,1,0,1,1,0,1
24046,0,0,0,0,0,0
24047,0,0,0,1,0,1
24048,2,1,1,2,1,1
24049,1,1,0,1,1,0
24050,2,1,1,2,1,1
24051,1,1,0,1,1,0
24052,1,1,0,1,1,0
24053,1,1,0,1,1,0
24054,1,1,0,1,1,0
24055,1,0,1,1,0,1
24056,1,1,0,1,1,0
24057,1,1,0,1,1,0
24058,1,0,1,1,0,1
25001,8,8,0,48,48,0
25002,4,3,1,4,3,1
25003,1,1,0,1,1,0
25004,1,1,0,4,4,0
25005,2,2,0,1,1,0
25006,61,61,0,61,61,0
25007,1,1,0,1,1,0
25008,2,2,0,2,2,0
25009,6,6,0,9,9,0
25010,2,2,0,2,2,0
25011,5,5,0,5,5,0
25012,74,74,0,78,78,0
25013,2,2,0,4,4,0
25014,2,2,0,2,2,0
25015,5,4,1,5,4,1
25016,1,1,0,2,2,0
25017,1,1,0,1,1,0
25018,2,2,0,2,2,0
26001,1,1,0,1,1,0
26002,2,1,1,2,1,1
26003,1,1,0,1,1,0
26004,1,1,0,1,1,0
26005,0,0,0,0,0,0
26006,1,1,0,1,1,0
26007,0,0,0,1,1,0
26008,5,1,4,5,1,4
26009,1,1,0,0,0,0
26010,1,1,0,1,1,0
26011,2,1,1,2,1,1
26012,1,1,0,1,1,0
26013,4,0,4,4,0,4
26014,1,0,1,1,0,1
26015,0,0,0,0,0,0
26016,1,1,0,1,1,0
26017,5,5,0,5,5,0
26018,1,1,0,69,69,0
26019,5,5,0,12,12,0
26020,1,1,0,1,1,0
26021,2,0,2,1,0,1
26022,1,1,0,1,1,0
26023,2,2,0,2,2,0
26024,0,0,0,0,0,0
26025,0,0,0,0,0,0
26026,1,1,0,1,1,0
26027,2,2,0,3,3,0
26028,0,0,0,0,0,0
26029,3,3,0,3,3,0
26030,119,19,100,255,155,100
26031,0,0,0,0,0,0
26032,1,1,0,1,1,0
26033,1,1,0,1,1,0
26034,0,0,0,0,0,0
26035,1,1,0,2,2,0
26036,1,1,0,1,1,0
26037,0,0,0,0,0,0
26038,1,1,0,2,1,1
26039,1,1,0,1,1,0
26040,4,0,4,0,0,0
26041,2,2,0,2,2,0
26042,2,2,0,2,2,0
26043,1,1,0,28,28,0
26044,1,0,1,1,0,1
26045,0,0,0,0,0,0
26046,0,0,0,0,0,0
26047,2,2,0,2,2,0
26048,1,1,0,9,9,0
26049,0,0,0,0,0,0
26050,1,0,1,1,0,1
26051,1,1,0,0,0,0
26052,1,1,0,1,0,1
26053,0,0,0,0,0,0
26054,0,0,0,0,0,0
26055,4,3,1,11,10,1
26056,1,1,0,1,1,0
26057,2,0,2,2,0,2
26058,2,2,0,2,2,0
26059,1,1,0,1,0,1
26060,0,0,0,0,0,0
26061,1,0,1,1,0,1
26062,0,0,0,0,0,0
26063,1,1,0,1,1,0
26064,1,0,1,1,0,1
26065,0,0,0,0,0,0
26066,1,1,0,1,1,0
26067,0,0,0,0,0,0
26068,0,0,0,0,0,0
26069,2,2,0,2,2,0
26070,1,1,0,5,5,0
26071,2,2,0,2,2,0
26072,1,1,0,1,1,0
27001,3,2,1,3,2,1
27002,5,3,2,5,3,2
27003,1,1,0,1,1,0
27004,NA,NA,NA,NA,NA,NA
27005,3,3,0,3,3,0
27006,0,0,0,3,0,3
27007,0,0,0,1,0,1
27008,5,3,2,5,3,2
27009,1,1,0,0,0,0
27010,1,1,0,0,0,0
27011,1,0,1,1,1,0
27012,2,2,0,1,1,0
27013,0,0,0,0,0,0
27014,1,1,0,0,0,0
27015,1,1,0,1,1,0
27016,1,1,0,1,1,0
27017,2,2,0,2,2,0
28001,NA,NA,NA,NA,NA,NA
28002,NA,NA,NA,NA,NA,NA
28003,NA,NA,NA,NA,NA,NA
28004,NA,NA,NA,NA,NA,NA
28005,NA,NA,NA,NA,NA,NA
28006,NA,NA,NA,NA,NA,NA
28007,NA,NA,NA,NA,NA,NA
28008,NA,NA,NA,NA,NA,NA
28009,NA,NA,NA,NA,NA,NA
28010,NA,NA,NA,NA,NA,NA
28011,NA,NA,NA,NA,NA,NA
28012,NA,NA,NA,NA,NA,NA
28013,NA,NA,NA,NA,NA,NA
28014,NA,NA,NA,NA,NA,NA
28015,NA,NA,NA,NA,NA,NA
28016,NA,NA,NA,NA,NA,NA
28017,NA,NA,NA,NA,NA,NA
28018,NA,NA,NA,NA,NA,NA
28019,NA,NA,NA,NA,NA,NA
28020,NA,NA,NA,NA,NA,NA
28021,NA,NA,NA,NA,NA,NA
28022,NA,NA,NA,NA,NA,NA
28023,NA,NA,NA,NA,NA,NA
28024,NA,NA,NA,NA,NA,NA
28025,NA,NA,NA,NA,NA,NA
28026,NA,NA,NA,NA,NA,NA
28027,NA,NA,NA,NA,NA,NA
28028,NA,NA,NA,NA,NA,NA
28029,NA,NA,NA,NA,NA,NA
28030,NA,NA,NA,NA,NA,NA
28031,NA,NA,NA,NA,NA,NA
28032,NA,NA,NA,NA,NA,NA
28033,NA,NA,NA,NA,NA,NA
28034,NA,NA,NA,NA,NA,NA
28035,NA,NA,NA,NA,NA,NA
28036,NA,NA,NA,NA,NA,NA
28037,NA,NA,NA,NA,NA,NA
28038,NA,NA,NA,NA,NA,NA
28039,NA,NA,NA,NA,NA,NA
28040,NA,NA,NA,NA,NA,NA
28041,NA,NA,NA,NA,NA,NA
28042,NA,NA,NA,NA,NA,NA
28043,NA,NA,NA,NA,NA,NA
29001,3,2,1,3,2,1
29002,0,0,0,0,0,0
29003,2,2,0,2,2,0
29004,1,1,0,1,1,0
29005,1,1,0,2,1,1
29006,1,1,0,1,1,0
29007,1,1,0,1,1,0
29008,1,1,0,2,2,0
29009,1,0,1,1,0,1
29010,2,1,1,2,1,1
29011,1,1,0,1,1,0
29012,1,1,0,1,1,0
29013,5,2,3,5,2,3
29014,1,1,0,1,1,0
29015,2,1,1,3,2,1
29016,2,1,1,3,2,1
29017,0,0,0,1,1,0
29018,2,1,1,2,1,1
29019,1,1,0,3,1,2
29020,1,1,0,1,1,0
29021,1,1,0,1,1,0
29022,0,0,0,2,2,0
29023,2,2,0,2,2,0
29024,2,1,1,2,1,1
29025,4,3,1,4,3,1
29026,1,1,0,1,1,0
29027,1,0,1,1,0,1
29028,1,1,0,1,1,0
29029,2,1,1,2,1,1
29030,2,2,0,2,2,0
29031,3,1,2,3,1,2
29032,1,1,0,1,1,0
29033,3,2,1,3,2,1
29034,1,1,0,1,1,0
29035,1,1,0,1,1,0
29036,1,0,1,1,0,1
29037,1,1,0,1,1,0
29038,1,1,0,1,1,0
29039,7,1,6,7,1,6
29040,1,1,0,1,1,0
29041,3,2,1,3,2,1
29042,1,0,1,1,0,1
29043,2,1,1,2,1,1
29044,2,1,1,2,1,1
29045,1,1,0,1,1,0
29046,0,0,0,0,0,0
29047,0,0,0,0,0,0
29048,2,1,1,2,1,1
29049,1,1,0,1,1,0
29050,1,1,0,1,1,0
29051,1,1,0,1,1,0
29052,1,0,1,1,0,1
29053,1,1,0,1,1,0
29054,1,1,0,1,0,1
29055,1,0,1,1,0,1
29056,1,1,0,1,1,0
29057,0,0,0,1,1,0
29058,1,1,0,2,2,0
29059,1,0,1,1,0,1
29060,1,1,0,1,1,0
30001,1,1,0,1,1,0
30002,0,0,0,0,0,0
30003,0,0,0,0,0,0
30004,1,1,0,1,1,0
30005,0,0,0,0,0,0
30006,NA,NA,NA,NA,NA,NA
30007,1,1,0,1,1,0
30008,1,1,0,1,1,0
30009,1,1,0,1,1,0
30010,0,0,0,0,0,0
30011,1,1,0,1,1,0
30012,0,0,0,0,0,0
30013,0,0,0,0,0,0
30014,1,1,0,1,1,0
30015,1,1,0,1,1,0
30016,0,0,0,0,0,0
30017,1,0,1,1,0,1
30018,3,0,3,3,0,3
30019,1,1,0,1,1,0
30020,0,0,0,0,0,0
30021,1,1,0,1,1,0
30022,2,2,0,2,2,0
30023,2,1,1,2,1,1
30024,1,1,0,1,1,0
30025,1,1,0,1,1,0
30026,1,0,1,1,0,1
30027,1,1,0,1,1,0
30028,0,0,0,1,1,0
30029,1,0,1,1,0,1
30030,1,0,1,1,0,1
30031,0,0,0,1,1,0
30032,1,1,0,1,1,0
30033,1,1,0,1,1,0
30034,1,1,0,1,1,0
30035,1,1,0,1,1,0
30036,1,1,0,1,1,0
30037,1,1,0,1,1,0
30038,2,2,0,2,2,0
30039,3,3,0,3,3,0
30040,1,1,0,1,1,0
30041,1,0,1,1,0,1
30042,0,0,0,0,0,0
30043,1,1,0,1,1,0
30044,0,0,0,0,0,0
30045,1,1,0,1,1,0
30046,0,0,0,0,0,0
30047,1,1,0,1,1,0
30048,1,1,0,1,1,0
30049,0,0,0,0,0,0
30050,1,0,1,1,0,1
30051,0,0,0,0,0,0
30052,0,0,0,0,0,0
30053,1,1,0,1,1,0
30054,0,0,0,0,0,0
30055,0,0,0,0,0,0
30056,1,1,0,1,1,0
30057,1,1,0,1,1,0
30058,1,1,0,1,1,0
30059,2,1,1,2,1,1
30060,1,1,0,1,1,0
30061,0,0,0,0,0,0
30062,1,1,0,1,1,0
30063,2,1,1,1,0,1
30064,0,0,0,0,0,0
30065,1,1,0,1,1,0
30066,0,0,0,0,0,0
30067,0,0,0,0,0,0
30068,0,0,0,0,0,0
30069,1,0,1,1,0,1
30070,0,0,0,0,0,0
30071,3,2,1,3,2,1
30072,0,0,0,0,0,0
30073,2,1,1,2,1,1
30074,0,0,0,0,0,0
30075,0,0,0,0,0,0
30076,1,1,0,1,1,0
30077,1,1,0,0,0,0
30078,1,1,0,1,1,0
30079,1,0,1,1,0,1
30080,1,1,0,0,0,0
30081,1,1,0,1,1,0
30082,NA,NA,NA,NA,NA,NA
30083,0,0,0,0,0,0
30084,0,0,0,0,0,0
30085,1,1,0,1,0,1
30086,2,1,1,2,1,1
30087,1,1,0,12,12,0
30088,1,1,0,1,1,0
30089,1,1,0,1,1,0
30090,1,1,0,1,1,0
30091,1,1,0,1,1,0
30092,1,0,1,1,0,1
30093,1,1,0,1,1,0
30094,1,1,0,1,0,1
30095,1,1,0,1,1,0
30096,0,0,0,1,1,0
30097,2,2,0,2,2,0
30098,1,1,0,1,1,0
30099,2,1,1,2,1,1
30100,0,0,0,0,0,0
30101,1,1,0,1,1,0
30102,1,1,0,0,0,0
30103,0,0,0,0,0,0
30104,1,1,0,1,1,0
30105,NA,NA,NA,NA,NA,NA
30106,0,0,0,0,0,0
30107,0,0,0,0,0,0
30108,1,1,0,1,1,0
30109,1,1,0,1,1,0
30110,0,0,0,0,0,0
30111,2,2,0,2,2,0
30112,2,1,1,2,1,1
30113,0,0,0,1,1,0
30114,1,1,0,1,1,0
30115,1,1,0,1,1,0
30116,1,1,0,1,1,0
30117,1,1,0,1,1,0
30118,6,4,2,13,11,2
30119,0,0,0,0,0,0
30120,1,1,0,2,2,0
30121,1,1,0,2,1,1
30122,1,0,1,1,0,1
30123,2,2,0,2,2,0
30124,3,2,1,3,2,1
30125,0,0,0,1,1,0
30126,1,1,0,1,1,0
30127,1,0,1,1,0,1
30128,2,1,1,4,3,1
30129,1,1,0,1,1,0
30130,1,1,0,1,1,0
30131,1,1,0,1,1,0
30132,1,0,1,1,0,1
30133,1,1,0,1,1,0
30134,1,0,1,0,0,0
30135,0,0,0,0,0,0
30136,1,1,0,1,1,0
30137,1,0,1,1,0,1
30138,1,1,0,1,1,0
30139,0,0,0,0,0,0
30140,0,0,0,0,0,0
30141,2,2,0,2,2,0
30142,1,1,0,1,1,0
30143,1,1,0,1,1,0
30144,NA,NA,NA,NA,NA,NA
30145,1,1,0,1,1,0
30146,1,1,0,1,1,0
30147,NA,NA,NA,NA,NA,NA
30148,1,1,0,1,1,0
30149,0,0,0,1,1,0
30150,1,1,0,1,1,0
30151,2,1,1,1,1,0
30152,0,0,0,0,0,0
30153,1,1,0,1,1,0
30154,1,1,0,1,1,0
30155,2,1,1,2,1,1
30156,1,1,0,1,1,0
30157,1,0,1,1,0,1
30158,1,1,0,1,1,0
30159,1,0,1,1,0,1
30160,1,1,0,1,1,0
30161,1,1,0,1,1,0
30162,1,1,0,1,1,0
30163,0,0,0,0,0,0
30164,1,1,0,0,0,0
30165,0,0,0,1,1,0
30166,1,1,0,1,1,0
30167,1,1,0,1,1,0
30168,2,1,1,2,1,1
30169,NA,NA,NA,NA,NA,NA
30170,0,0,0,0,0,0
30171,1,1,0,1,1,0
30172,1,1,0,1,1,0
30173,1,1,0,1,1,0
30174,3,2,1,3,2,1
30175,0,0,0,0,0,0
30176,2,1,1,2,1,1
30177,1,1,0,1,1,0
30178,1,1,0,1,1,0
30179,1,0,1,1,0,1
30180,1,0,1,1,0,1
30181,2,1,1,2,1,1
30182,NSS,NSS,NSS,NSS,NSS,NSS
30183,1,1,0,1,1,0
30184,0,0,0,0,0,0
30185,2,1,1,2,1,1
30186,2,1,1,2,1,1
30187,0,0,0,0,0,0
30188,1,1,0,2,2,0
30189,4,4,0,3,3,0
30190,0,0,0,0,0,0
30191,NA,NA,NA,NA,NA,NA
30192,1,1,0,1,1,0
30193,3,3,0,15,15,0
30194,1,1,0,1,1,0
30195,0,0,0,0,0,0
30196,1,1,0,1,1,0
30197,1,1,0,1,1,0
30198,0,0,0,0,0,0
30199,0,0,0,1,0,1
30200,1,1,0,1,1,0
30201,2,1,1,2,1,1
30202,0,0,0,0,0,0
30203,0,0,0,0,0,0
30204,1,1,0,1,1,0
30205,0,0,0,0,0,0
30206,1,1,0,1,1,0
30207,0,0,0,0,0,0
30208,1,1,0,1,1,0
30209,0,0,0,0,0,0
30210,0,0,0,1,0,1
30211,1,1,0,1,1,0
30212,0,0,0,0,0,0
31001,1,0,1,1,0,1
31002,1,0,1,1,0,1
31003,1,0,1,1,0,1
31004,1,1,0,1,1,0
31005,0,0,0,0,0,0
31006,0,0,0,1,0,1
31007,1,0,1,1,0,1
31008,0,0,0,0,0,0
31009,2,1,1,2,1,1
31010,0,0,0,0,0,0
31011,1,0,1,1,0,1
31012,0,0,0,0,0,0
31013,2,1,1,2,1,1
31014,0,0,0,0,0,0
31015,0,0,0,0,0,0
31016,1,0,1,1,0,1
31017,0,0,0,0,0,0
31018,1,0,1,1,0,1
31019,1,1,0,1,1,0
31020,1,1,0,1,1,0
31021,1,1,0,1,1,0
31022,0,0,0,0,0,0
31023,1,0,1,1,0,1
31024,1,0,1,1,0,1
31025,1,0,1,1,0,1
31026,1,0,1,1,0,1
31027,1,0,1,1,0,1
31028,1,0,1,1,0,1
31029,1,0,1,1,0,1
31030,2,0,2,2,0,2
31031,0,0,0,1,0,1
31032,1,1,0,1,1,0
31033,2,1,1,1,0,1
31034,0,0,0,0,0,0
31035,1,0,1,1,0,1
31036,0,0,0,0,0,0
31037,1,0,1,1,0,1
31038,2,1,1,2,1,1
31039,1,0,1,1,0,1
31040,2,0,2,2,0,2
31041,4,2,2,4,2,2
31042,1,0,1,1,0,1
31043,1,0,1,1,0,1
31044,1,0,1,1,0,1
31045,1,0,1,1,0,1
31046,0,0,0,0,0,0
31047,1,0,1,1,0,1
31048,1,1,0,1,1,0
31049,1,0,1,1,0,1
31050,46,45,1,46,45,1
31051,1,0,1,1,0,1
31052,1,1,0,1,1,0
31053,1,0,1,1,0,1
31054,1,0,1,1,0,1
31055,0,0,0,0,0,0
31056,2,1,1,2,1,1
31057,1,1,0,1,1,0
31058,1,1,0,1,1,0
31059,2,1,1,5,4,1
31060,0,0,0,0,0,0
31061,0,0,0,0,0,0
31062,1,0,1,1,0,1
31063,0,0,0,1,0,1
31064,0,0,0,0,0,0
31065,0,0,0,0,0,0
31066,1,0,1,1,0,1
31067,1,0,1,1,0,1
31068,1,0,1,1,0,1
31069,1,0,1,1,0,1
31070,0,0,0,1,0,1
31071,0,0,0,1,0,1
31072,1,1,0,1,1,0
31073,0,0,0,0,0,0
31074,1,0,1,1,0,1
31075,1,0,1,1,0,1
31076,2,1,1,2,1,1
31077,0,0,0,0,0,0
31078,1,0,1,1,0,1
31079,1,1,0,1,1,0
31080,1,0,1,1,0,1
31081,1,0,1,1,0,1
31082,1,0,1,1,0,1
31083,1,0,1,1,0,1
31084,2,0,2,2,0,2
31085,0,0,0,1,0,1
31086,0,0,0,0,0,0
31087,0,0,0,0,0,0
31088,1,1,0,1,1,0
31089,1,1,0,1,1,0
31090,1,0,1,1,0,1
31091,2,1,1,2,1,1
31092,0,0,0,0,0,0
31093,2,2,0,2,2,0
31094,1,1,0,1,1,0
31095,1,0,1,1,0,1
31096,6,5,1,5,4,1
31097,0,0,0,1,0,1
31098,1,0,1,1,0,1
31099,0,0,0,1,0,1
31100,1,1,0,1,1,0
31101,1,1,0,1,1,0
31102,3,3,0,4,3,1
31103,0,0,0,0,0,0
31104,1,1,0,1,1,0
31105,1,0,1,1,0,1
31106,1,0,1,1,0,1
32001,1,1,0,1,1,0
32002,NA,NA,NA,NA,NA,NA
32003,1,1,0,1,1,0
32004,1,1,0,1,1,0
32005,3,3,0,5,5,0
32006,0,0,0,0,0,0
32007,1,1,0,1,1,0
32008,1,0,1,1,0,1
32009,1,1,0,1,1,0
32010,1,1,0,6,6,0
32011,1,1,0,1,1,0
32012,1,1,0,1,1,0
32013,2,1,1,2,1,1
32014,1,1,0,1,0,1
32015,1,1,0,0,0,0
32016,1,1,0,1,1,0
32017,4,2,2,5,3,2
32018,1,1,0,2,2,0
32019,2,2,0,0,0,0
32020,4,4,0,5,5,0
32021,1,1,0,1,1,0
32022,1,1,0,1,1,0
32023,1,1,0,1,1,0
32024,1,1,0,1,1,0
32025,1,1,0,1,1,0
32026,1,1,0,2,2,0
32027,1,1,0,0,0,0
32028,1,0,1,1,0,1
32029,1,1,0,1,1,0
32030,1,1,0,0,0,0
32031,2,2,0,2,2,0
32032,1,1,0,2,1,1
32033,1,1,0,1,1,0
32034,3,3,0,5,5,0
32035,1,1,0,1,1,0
32036,3,3,0,3,3,0
32037,1,1,0,1,1,0
32038,1,1,0,1,1,0
32039,1,1,0,2,2,0
32040,1,1,0,1,1,0
32041,0,0,0,0,0,0
32042,2,2,0,3,3,0
32043,1,1,0,1,1,0
32044,0,0,0,1,0,1
32045,3,2,1,3,2,1
32046,2,2,0,2,2,0
32047,1,1,0,1,1,0
32048,2,2,0,2,0,2
32049,3,3,0,3,3,0
32050,1,1,0,2,2,0
32051,2,2,0,2,2,0
32052,1,0,1,1,0,1
32053,1,1,0,1,1,0
32054,1,1,0,0,0,0
32055,1,1,0,1,1,0
32056,9,8,1,24,23,1
32057,1,1,0,1,1,0
32058,1,1,0,1,1,0
